node_id,test_file,status,verification_scope,evidence
tests/test_baseline.py::test_total_blood_volume_matches_reference_patient,tests/test_baseline.py,PASS,prior continuation direct/bounded verification,carried-forward: START_HERE_PHASE6_HANDOFF_2026-08-11.md explicit direct/bounded zero-exit result
tests/test_baseline.py::test_closed_loop_conserves_volume,tests/test_baseline.py,PASS,prior continuation direct/bounded verification,carried-forward: START_HERE_PHASE6_HANDOFF_2026-08-11.md explicit direct/bounded zero-exit result
tests/test_baseline.py::test_no_compartment_becomes_nonphysical,tests/test_baseline.py,PASS,prior continuation direct/bounded verification,carried-forward: START_HERE_PHASE6_HANDOFF_2026-08-11.md explicit direct/bounded zero-exit result
tests/test_baseline.py::test_baseline_produces_pulsatile_forward_flow,tests/test_baseline.py,PASS,prior continuation direct/bounded verification,carried-forward: START_HERE_PHASE6_HANDOFF_2026-08-11.md explicit direct/bounded zero-exit result
tests/test_baseline.py::test_calibrated_baseline_is_within_reference_tolerances,tests/test_baseline.py,PASS,prior continuation direct/bounded verification,carried-forward: START_HERE_PHASE6_HANDOFF_2026-08-11.md explicit direct/bounded zero-exit result
tests/test_baseline.py::test_monitor_adapter_is_read_only_and_display_neutral,tests/test_baseline.py,PASS,prior continuation direct/bounded verification,carried-forward: START_HERE_PHASE6_HANDOFF_2026-08-11.md explicit direct/bounded zero-exit result
tests/test_baseline.py::test_rolling_telemetry_uses_completed_seconds_and_fixed_window,tests/test_baseline.py,PASS,prior continuation direct/bounded verification,carried-forward: START_HERE_PHASE6_HANDOFF_2026-08-11.md explicit direct/bounded zero-exit result
tests/test_baseline.py::test_rolling_telemetry_preserves_raw_waveform_samples,tests/test_baseline.py,PASS,prior continuation direct/bounded verification,carried-forward: START_HERE_PHASE6_HANDOFF_2026-08-11.md explicit direct/bounded zero-exit result
tests/test_baseline.py::test_parameter_registry_distinguishes_targets_from_calibration,tests/test_baseline.py,PASS,prior continuation direct/bounded verification,carried-forward: START_HERE_PHASE6_HANDOFF_2026-08-11.md explicit direct/bounded zero-exit result
tests/test_baseline.py::test_modified_patient_is_a_fresh_independent_model,tests/test_baseline.py,PASS,prior continuation direct/bounded verification,carried-forward: START_HERE_PHASE6_HANDOFF_2026-08-11.md explicit direct/bounded zero-exit result
tests/test_baseline.py::test_volume_and_resistance_perturbations_move_in_expected_direction,tests/test_baseline.py,PASS,prior continuation direct/bounded verification,carried-forward: START_HERE_PHASE6_HANDOFF_2026-08-11.md explicit direct/bounded zero-exit result
tests/test_baseline.py::test_two_minute_accelerated_run_has_no_material_drift,tests/test_baseline.py,PASS,prior continuation direct/bounded verification,carried-forward: START_HERE_PHASE6_HANDOFF_2026-08-11.md explicit direct/bounded zero-exit result
tests/test_baseline.py::test_failure_profiles_are_directionally_distinct,tests/test_baseline.py,PASS,prior continuation direct/bounded verification,carried-forward: START_HERE_PHASE6_HANDOFF_2026-08-11.md explicit direct/bounded zero-exit result
tests/test_baseline.py::test_recovery_returns_toward_baseline_without_reset,tests/test_baseline.py,PASS,prior continuation direct/bounded verification,carried-forward: START_HERE_PHASE6_HANDOFF_2026-08-11.md explicit direct/bounded zero-exit result
tests/test_baseline.py::test_pressure_volume_extraction_is_read_only_and_nonempty,tests/test_baseline.py,PASS,prior continuation direct/bounded verification,carried-forward: START_HERE_PHASE6_HANDOFF_2026-08-11.md explicit direct/bounded zero-exit result
tests/test_baseline.py::test_preload_extraction_bench_reduces_native_rv_flow_monotonically,tests/test_baseline.py,PASS,prior continuation direct/bounded verification,carried-forward: START_HERE_PHASE6_HANDOFF_2026-08-11.md explicit direct/bounded zero-exit result
tests/test_baseline.py::test_preload_extraction_preserves_initial_lv_buffering,tests/test_baseline.py,PASS,prior continuation direct/bounded verification,carried-forward: START_HERE_PHASE6_HANDOFF_2026-08-11.md explicit direct/bounded zero-exit result
tests/test_baseline.py::test_closed_loop_va_ecmo_conserves_patient_blood_volume,tests/test_baseline.py,PASS,prior continuation direct/bounded verification,carried-forward: START_HERE_PHASE6_HANDOFF_2026-08-11.md explicit direct/bounded zero-exit result
tests/test_baseline.py::test_closed_loop_va_ecmo_progressively_reduces_native_rv_contribution,tests/test_baseline.py,PASS,prior continuation direct/bounded verification,carried-forward: START_HERE_PHASE6_HANDOFF_2026-08-11.md explicit direct/bounded zero-exit result
tests/test_baseline.py::test_closed_loop_va_ecmo_preserves_intrinsic_contractility_but_changes_loading,tests/test_baseline.py,PASS,prior continuation direct/bounded verification,carried-forward: START_HERE_PHASE6_HANDOFF_2026-08-11.md explicit direct/bounded zero-exit result
tests/test_bridge.py::test_fully_closed_clamp_gives_zero_flow_regardless_of_pressure_gradient,tests/test_bridge.py,PASS,2026-08-11 closure continuation,"fresh-this-thread: direct pytest file verification, zero exit"
tests/test_bridge.py::test_near_zero_clamp_position_also_gives_zero_flow,tests/test_bridge.py,PASS,2026-08-11 closure continuation,"fresh-this-thread: direct pytest file verification, zero exit"
tests/test_bridge.py::test_fully_open_clamp_produces_forward_flow_with_forward_gradient,tests/test_bridge.py,PASS,2026-08-11 closure continuation,"fresh-this-thread: direct pytest file verification, zero exit"
tests/test_bridge.py::test_fully_open_clamp_produces_reversed_flow_with_reversed_gradient,tests/test_bridge.py,PASS,2026-08-11 closure continuation,"fresh-this-thread: direct pytest file verification, zero exit"
tests/test_bridge.py::test_zero_pressure_difference_gives_zero_flow_when_open,tests/test_bridge.py,PASS,2026-08-11 closure continuation,"fresh-this-thread: direct pytest file verification, zero exit"
tests/test_bridge.py::test_flow_increases_monotonically_with_clamp_position,tests/test_bridge.py,PASS,2026-08-11 closure continuation,"fresh-this-thread: direct pytest file verification, zero exit"
tests/test_bridge.py::test_partial_opening_allows_weaning_trial_level_flow_below_fully_open,tests/test_bridge.py,PASS,2026-08-11 closure continuation,"fresh-this-thread: direct pytest file verification, zero exit"
tests/test_bridge.py::test_clot_fraction_raises_resistance_lowers_flow_at_fixed_clamp,tests/test_bridge.py,PASS,2026-08-11 closure continuation,"fresh-this-thread: direct pytest file verification, zero exit"
tests/test_bridge.py::test_bench_sweep_returns_one_point_per_clamp_step,tests/test_bridge.py,PASS,2026-08-11 closure continuation,"fresh-this-thread: direct pytest file verification, zero exit"
tests/test_bridge.py::test_bridge_module_does_not_import_patient_physiology_modules,tests/test_bridge.py,PASS,2026-08-11 closure continuation,"fresh-this-thread: direct pytest file verification, zero exit"
tests/test_bridge_clamp_inverse_solver.py::test_zero_target_gives_zero_clamp_position,tests/test_bridge_clamp_inverse_solver.py,PASS,2026-08-11 closure continuation,"fresh-this-thread: direct pytest file verification, zero exit"
tests/test_bridge_clamp_inverse_solver.py::test_negative_target_treated_same_as_zero,tests/test_bridge_clamp_inverse_solver.py,PASS,2026-08-11 closure continuation,"fresh-this-thread: direct pytest file verification, zero exit"
tests/test_bridge_clamp_inverse_solver.py::test_solved_clamp_position_actually_produces_target_flow,tests/test_bridge_clamp_inverse_solver.py,PASS,2026-08-11 closure continuation,"fresh-this-thread: direct pytest file verification, zero exit"
tests/test_bridge_clamp_inverse_solver.py::test_higher_target_flow_requires_more_open_clamp,tests/test_bridge_clamp_inverse_solver.py,PASS,2026-08-11 closure continuation,"fresh-this-thread: direct pytest file verification, zero exit"
tests/test_bridge_clamp_inverse_solver.py::test_opening_bridge_for_target_flow_reduces_patient_flow,tests/test_bridge_clamp_inverse_solver.py,PASS,2026-08-11 closure continuation,"fresh-this-thread: direct pytest file verification, zero exit"
tests/test_bridge_clamp_inverse_solver.py::test_unachievable_target_raises_clear_error,tests/test_bridge_clamp_inverse_solver.py,PASS,2026-08-11 closure continuation,"fresh-this-thread: direct pytest file verification, zero exit"
tests/test_bridge_clamp_inverse_solver.py::test_bridge_clot_fraction_requires_more_opening_for_same_target_flow,tests/test_bridge_clamp_inverse_solver.py,PASS,2026-08-11 closure continuation,"fresh-this-thread: direct pytest file verification, zero exit"
tests/test_bridge_clamp_inverse_solver.py::test_target_flow_is_preserved_when_live_patient_pressure_boundaries_are_supplied,tests/test_bridge_clamp_inverse_solver.py,PASS,2026-08-11 closure continuation,"fresh-this-thread: direct pytest file verification, zero exit"
tests/test_cannula.py::test_zero_flow_gives_zero_delta_p,tests/test_cannula.py,PASS,2026-08-11 closure continuation,"fresh-this-thread: direct pytest file verification, zero exit"
tests/test_cannula.py::test_delta_p_increases_with_flow,tests/test_cannula.py,PASS,2026-08-11 closure continuation,"fresh-this-thread: direct pytest file verification, zero exit"
tests/test_cannula.py::test_reversed_flow_gives_negative_delta_p,tests/test_cannula.py,PASS,2026-08-11 closure continuation,"fresh-this-thread: direct pytest file verification, zero exit"
tests/test_cannula.py::test_larger_drain_cannula_has_lower_resistance_than_smaller_return_cannula,tests/test_cannula.py,PASS,2026-08-11 closure continuation,"fresh-this-thread: direct pytest file verification, zero exit"
tests/test_cannula.py::test_return_8fr_default_reproduces_source_literature_datapoint,tests/test_cannula.py,PASS,2026-08-11 closure continuation,"fresh-this-thread: direct pytest file verification, zero exit"
tests/test_cannula.py::test_drain_10fr_default_reproduces_source_literature_datapoint,tests/test_cannula.py,PASS,2026-08-11 closure continuation,"fresh-this-thread: direct pytest file verification, zero exit"
tests/test_cannula.py::test_resistance_coefficient_from_datapoint_matches_return_8fr_default,tests/test_cannula.py,PASS,2026-08-11 closure continuation,"fresh-this-thread: direct pytest file verification, zero exit"
tests/test_cannula.py::test_resistance_coefficient_from_datapoint_rejects_nonpositive_flow,tests/test_cannula.py,PASS,2026-08-11 closure continuation,"fresh-this-thread: direct pytest file verification, zero exit"
tests/test_cannula.py::test_bench_sweep_returns_one_point_per_flow_step,tests/test_cannula.py,PASS,2026-08-11 closure continuation,"fresh-this-thread: direct pytest file verification, zero exit"
tests/test_cannula.py::test_cannula_module_does_not_import_patient_physiology_modules,tests/test_cannula.py,PASS,2026-08-11 closure continuation,"fresh-this-thread: direct pytest file verification, zero exit"
tests/test_cardiopulmonary_coupling.py::test_neutral_coupling_preserves_baseline_reasonably,tests/test_cardiopulmonary_coupling.py,PASS,prior continuation direct/bounded verification,carried-forward: START_HERE_PHASE6_HANDOFF_2026-08-11.md explicit direct/bounded zero-exit result
tests/test_cardiopulmonary_coupling.py::test_hypoxia_increases_pvr_and_reduces_pulmonary_flow,tests/test_cardiopulmonary_coupling.py,PASS,prior continuation direct/bounded verification,carried-forward: START_HERE_PHASE6_HANDOFF_2026-08-11.md explicit direct/bounded zero-exit result
tests/test_cardiopulmonary_coupling.py::test_positive_pressure_changes_thoracic_boundary_without_cross_imports,tests/test_cardiopulmonary_coupling.py,PASS,prior continuation direct/bounded verification,carried-forward: START_HERE_PHASE6_HANDOFF_2026-08-11.md explicit direct/bounded zero-exit result
tests/test_cardiopulmonary_coupling.py::test_higher_peep_reduces_native_output_via_coupling,tests/test_cardiopulmonary_coupling.py,PASS,prior continuation direct/bounded verification,carried-forward: START_HERE_PHASE6_HANDOFF_2026-08-11.md explicit direct/bounded zero-exit result
tests/test_cardiopulmonary_coupling.py::test_coupling_is_separate_module_boundary,tests/test_cardiopulmonary_coupling.py,PASS,prior continuation direct/bounded verification,carried-forward: START_HERE_PHASE6_HANDOFF_2026-08-11.md explicit direct/bounded zero-exit result
tests/test_cdi_sensor.py::test_bridge_closed_cdi_reads_pure_native_venous_saturation,tests/test_cdi_sensor.py,PASS,prior continuation direct/bounded verification,carried-forward: START_HERE_PHASE6_HANDOFF_2026-08-11.md explicit direct/bounded zero-exit result
tests/test_cdi_sensor.py::test_bridge_open_cdi_reads_elevated_blend_above_native,tests/test_cdi_sensor.py,PASS,prior continuation direct/bounded verification,carried-forward: START_HERE_PHASE6_HANDOFF_2026-08-11.md explicit direct/bounded zero-exit result
tests/test_cdi_sensor.py::test_recirculation_fraction_zero_when_bridge_closed,tests/test_cdi_sensor.py,PASS,prior continuation direct/bounded verification,carried-forward: START_HERE_PHASE6_HANDOFF_2026-08-11.md explicit direct/bounded zero-exit result
tests/test_cdi_sensor.py::test_recirculation_fraction_increases_with_bridge_flow,tests/test_cdi_sensor.py,PASS,prior continuation direct/bounded verification,carried-forward: START_HERE_PHASE6_HANDOFF_2026-08-11.md explicit direct/bounded zero-exit result
tests/test_cdi_sensor.py::test_shunt_flow_is_not_a_parameter_of_cdi_mixed_saturation,tests/test_cdi_sensor.py,PASS,prior continuation direct/bounded verification,carried-forward: START_HERE_PHASE6_HANDOFF_2026-08-11.md explicit direct/bounded zero-exit result
tests/test_cdi_sensor.py::test_shunt_flow_is_not_a_parameter_of_cdi_reading_from_circuit_point,tests/test_cdi_sensor.py,PASS,prior continuation direct/bounded verification,carried-forward: START_HERE_PHASE6_HANDOFF_2026-08-11.md explicit direct/bounded zero-exit result
tests/test_cdi_sensor.py::test_cdi_sensor_module_never_reads_solved_shunt_flow_attribute,tests/test_cdi_sensor.py,PASS,prior continuation direct/bounded verification,carried-forward: START_HERE_PHASE6_HANDOFF_2026-08-11.md explicit direct/bounded zero-exit result
tests/test_cdi_sensor.py::test_zero_total_flow_falls_back_to_native_venous_saturation,tests/test_cdi_sensor.py,PASS,prior continuation direct/bounded verification,carried-forward: START_HERE_PHASE6_HANDOFF_2026-08-11.md explicit direct/bounded zero-exit result
tests/test_cdi_sensor.py::test_bridge_closed_cdi_reads_pure_native_paco2,tests/test_cdi_sensor.py,PASS,prior continuation direct/bounded verification,carried-forward: START_HERE_PHASE6_HANDOFF_2026-08-11.md explicit direct/bounded zero-exit result
tests/test_cdi_sensor.py::test_bridge_open_cdi_paco2_shifts_toward_post_oxygenator_value,tests/test_cdi_sensor.py,PASS,prior continuation direct/bounded verification,carried-forward: START_HERE_PHASE6_HANDOFF_2026-08-11.md explicit direct/bounded zero-exit result
tests/test_cdi_sensor.py::test_cdi_reading_from_circuit_point_matches_manual_calculation,tests/test_cdi_sensor.py,PASS,prior continuation direct/bounded verification,carried-forward: START_HERE_PHASE6_HANDOFF_2026-08-11.md explicit direct/bounded zero-exit result
tests/test_cdi_sensor.py::test_cdi_reading_from_circuit_point_bridge_closed_reads_native,tests/test_cdi_sensor.py,PASS,prior continuation direct/bounded verification,carried-forward: START_HERE_PHASE6_HANDOFF_2026-08-11.md explicit direct/bounded zero-exit result
tests/test_cdi_sensor.py::test_cdi_reading_from_circuit_point_optional_paco2,tests/test_cdi_sensor.py,PASS,prior continuation direct/bounded verification,carried-forward: START_HERE_PHASE6_HANDOFF_2026-08-11.md explicit direct/bounded zero-exit result
tests/test_cdi_sensor.py::test_cdi_sensor_does_not_import_patient_physiology_modules,tests/test_cdi_sensor.py,PASS,prior continuation direct/bounded verification,carried-forward: START_HERE_PHASE6_HANDOFF_2026-08-11.md explicit direct/bounded zero-exit result
tests/test_clinical_behavior_contract_bridge_recirculation.py::test_contract_definition_preserves_validation_boundary,tests/test_clinical_behavior_contract_bridge_recirculation.py,PASS,prior continuation direct/bounded verification,carried-forward: START_HERE_PHASE6_HANDOFF_2026-08-11.md explicit direct/bounded zero-exit result
tests/test_clinical_behavior_contract_bridge_recirculation.py::test_bridge_target_flow_is_honored_under_live_patient_boundary,tests/test_clinical_behavior_contract_bridge_recirculation.py,PASS,prior continuation direct/bounded verification,carried-forward: START_HERE_PHASE6_HANDOFF_2026-08-11.md explicit direct/bounded zero-exit result
tests/test_clinical_behavior_contract_bridge_recirculation.py::test_more_bridge_recirculation_reduces_patient_flow_and_map_support,tests/test_clinical_behavior_contract_bridge_recirculation.py,PASS,prior continuation direct/bounded verification,carried-forward: START_HERE_PHASE6_HANDOFF_2026-08-11.md explicit direct/bounded zero-exit result
tests/test_clinical_behavior_contract_bridge_recirculation.py::test_bridge_opening_contaminates_venous_cdi_in_expected_direction,tests/test_clinical_behavior_contract_bridge_recirculation.py,PASS,prior continuation direct/bounded verification,carried-forward: START_HERE_PHASE6_HANDOFF_2026-08-11.md explicit direct/bounded zero-exit result
tests/test_clinical_behavior_contract_bridge_recirculation.py::test_branch_conservation_and_closed_bridge_restoration,tests/test_clinical_behavior_contract_bridge_recirculation.py,PASS,prior continuation direct/bounded verification,carried-forward: START_HERE_PHASE6_HANDOFF_2026-08-11.md explicit direct/bounded zero-exit result
tests/test_clinical_behavior_contract_ckrt_net_ultrafiltration.py::test_contract_definition_preserves_scope_and_future_retest_boundary,tests/test_clinical_behavior_contract_ckrt_net_ultrafiltration.py,PASS,2026-08-11 closure continuation,"fresh-this-thread: direct pytest file verification, zero exit"
tests/test_clinical_behavior_contract_ckrt_net_ultrafiltration.py::test_configured_ckrt_uf_does_not_remove_fluid_unless_ckrt_is_selected_and_running[ShuntLineConfiguration.OPEN-0.0],tests/test_clinical_behavior_contract_ckrt_net_ultrafiltration.py,PASS,2026-08-11 closure continuation,"fresh-this-thread: direct pytest file verification, zero exit"
tests/test_clinical_behavior_contract_ckrt_net_ultrafiltration.py::test_configured_ckrt_uf_does_not_remove_fluid_unless_ckrt_is_selected_and_running[ShuntLineConfiguration.OPEN-30.0],tests/test_clinical_behavior_contract_ckrt_net_ultrafiltration.py,PASS,2026-08-11 closure continuation,"fresh-this-thread: direct pytest file verification, zero exit"
tests/test_clinical_behavior_contract_ckrt_net_ultrafiltration.py::test_configured_ckrt_uf_does_not_remove_fluid_unless_ckrt_is_selected_and_running[ShuntLineConfiguration.CKRT-0.0],tests/test_clinical_behavior_contract_ckrt_net_ultrafiltration.py,PASS,2026-08-11 closure continuation,"fresh-this-thread: direct pytest file verification, zero exit"
tests/test_clinical_behavior_contract_ckrt_net_ultrafiltration.py::test_active_ckrt_uf_diverges_from_matched_zero_uf_control_in_expected_direction,tests/test_clinical_behavior_contract_ckrt_net_ultrafiltration.py,PASS,2026-08-11 closure continuation,"fresh-this-thread: direct pytest file verification, zero exit"
tests/test_clinical_behavior_contract_ckrt_net_ultrafiltration.py::test_stopping_uf_freezes_ckrt_removal_ledger_without_claiming_immediate_recovery,tests/test_clinical_behavior_contract_ckrt_net_ultrafiltration.py,PASS,2026-08-11 closure continuation,"fresh-this-thread: direct pytest file verification, zero exit"
tests/test_clinical_behavior_contract_ckrt_net_ultrafiltration.py::test_stateful_replacement_returns_near_matched_no_uf_counterfactual_without_erasing_history,tests/test_clinical_behavior_contract_ckrt_net_ultrafiltration.py,PASS,2026-08-11 closure continuation,"fresh-this-thread: direct pytest file verification, zero exit"
tests/test_clinical_behavior_contract_drainage_path_resistance.py::test_contract_definition_preserves_split_and_model_boundaries,tests/test_clinical_behavior_contract_drainage_path_resistance.py,PASS,2026-08-11 closure continuation,"fresh-this-thread: direct pytest file verification, zero exit"
tests/test_clinical_behavior_contract_drainage_path_resistance.py::test_drainage_path_resistance_reduces_patient_and_total_flow_and_increases_recirc_fraction,tests/test_clinical_behavior_contract_drainage_path_resistance.py,PASS,2026-08-11 closure continuation,"fresh-this-thread: direct pytest file verification, zero exit"
tests/test_clinical_behavior_contract_drainage_path_resistance.py::test_rpm_escalation_can_raise_flow_but_does_not_remove_obstruction_signature,tests/test_clinical_behavior_contract_drainage_path_resistance.py,PASS,2026-08-11 closure continuation,"fresh-this-thread: direct pytest file verification, zero exit"
tests/test_clinical_behavior_contract_drainage_path_resistance.py::test_baseline_re_evaluation_is_deterministic_not_stateful_fault_recovery,tests/test_clinical_behavior_contract_drainage_path_resistance.py,PASS,2026-08-11 closure continuation,"fresh-this-thread: direct pytest file verification, zero exit"
tests/test_clinical_behavior_contract_fdo2.py::test_contract_definition_preserves_validation_boundary_and_future_retest_conditions,tests/test_clinical_behavior_contract_fdo2.py,PASS,2026-08-11 closure continuation,"fresh-this-thread: direct pytest file verification, zero exit"
tests/test_clinical_behavior_contract_fdo2.py::test_fdo2_reduction_monotonically_lowers_post_oxy_oxygen_state_with_coherent_sat_po2_pair,tests/test_clinical_behavior_contract_fdo2.py,PASS,2026-08-11 closure continuation,"fresh-this-thread: direct pytest file verification, zero exit"
tests/test_clinical_behavior_contract_fdo2.py::test_fdo2_only_change_does_not_change_co2_clearance_or_hydraulic_flow,tests/test_clinical_behavior_contract_fdo2.py,PASS,2026-08-11 closure continuation,"fresh-this-thread: direct pytest file verification, zero exit"
tests/test_clinical_behavior_contract_fdo2.py::test_fdo2_restoration_reproduces_baseline_membrane_state,tests/test_clinical_behavior_contract_fdo2.py,PASS,2026-08-11 closure continuation,"fresh-this-thread: direct pytest file verification, zero exit"
tests/test_clinical_behavior_contract_fixed_shunt_configuration.py::test_contract_definition_preserves_blocked_fluid_removal_boundary,tests/test_clinical_behavior_contract_fixed_shunt_configuration.py,PASS,2026-08-11 closure continuation,"fresh-this-thread: direct pytest file verification, zero exit"
tests/test_clinical_behavior_contract_fixed_shunt_configuration.py::test_inline_hemofilter_reduces_shunt_diversion_and_redistributes_to_patient,tests/test_clinical_behavior_contract_fixed_shunt_configuration.py,PASS,2026-08-11 closure continuation,"fresh-this-thread: direct pytest file verification, zero exit"
tests/test_clinical_behavior_contract_fixed_shunt_configuration.py::test_scuffing_activity_does_not_change_hemofilter_hydraulics,tests/test_clinical_behavior_contract_fixed_shunt_configuration.py,PASS,2026-08-11 closure continuation,"fresh-this-thread: direct pytest file verification, zero exit"
tests/test_clinical_behavior_contract_fixed_shunt_configuration.py::test_ckrt_configuration_is_hydraulically_equivalent_to_open,tests/test_clinical_behavior_contract_fixed_shunt_configuration.py,PASS,2026-08-11 closure continuation,"fresh-this-thread: direct pytest file verification, zero exit"
tests/test_clinical_behavior_contract_fixed_shunt_configuration.py::test_branch_conservation_and_open_restoration,tests/test_clinical_behavior_contract_fixed_shunt_configuration.py,PASS,2026-08-11 closure continuation,"fresh-this-thread: direct pytest file verification, zero exit"
tests/test_clinical_behavior_contract_hypovolemia.py::test_contract_definition_preserves_validation_boundary,tests/test_clinical_behavior_contract_hypovolemia.py,PASS,2026-08-11 closure continuation,"fresh-this-thread: direct pytest file verification, zero exit"
tests/test_clinical_behavior_contract_hypovolemia.py::test_hypovolemia_contract_direction_recovery_and_rpm_escalation,tests/test_clinical_behavior_contract_hypovolemia.py,PASS,2026-08-11 closure continuation,"fresh-this-thread: direct pytest file verification, zero exit"
tests/test_clinical_behavior_contract_ongoing_major_bleeding.py::test_contract_definition_preserves_validation_and_model_boundaries,tests/test_clinical_behavior_contract_ongoing_major_bleeding.py,PASS,2026-08-11 closure continuation,"fresh-this-thread: direct pytest file verification, zero exit"
tests/test_clinical_behavior_contract_ongoing_major_bleeding.py::test_ongoing_bleeding_serial_loss_partial_replacement_and_stateful_recovery,tests/test_clinical_behavior_contract_ongoing_major_bleeding.py,PASS,2026-08-11 closure continuation,"fresh-this-thread: direct pytest file verification, zero exit"
tests/test_clinical_behavior_contract_oxygenator_dysfunction.py::test_contract_definition_keeps_hydraulic_and_gas_failure_branches_separate,tests/test_clinical_behavior_contract_oxygenator_dysfunction.py,PASS,2026-08-11 closure continuation,"fresh-this-thread: direct pytest file verification, zero exit"
tests/test_clinical_behavior_contract_oxygenator_dysfunction.py::test_hydraulic_obstruction_raises_oxygenator_delta_p_and_reduces_flow_at_fixed_rpm,tests/test_clinical_behavior_contract_oxygenator_dysfunction.py,PASS,2026-08-11 closure continuation,"fresh-this-thread: direct pytest file verification, zero exit"
tests/test_clinical_behavior_contract_oxygenator_dysfunction.py::test_hydraulic_restoration_returns_operating_point_to_clean_baseline,tests/test_clinical_behavior_contract_oxygenator_dysfunction.py,PASS,2026-08-11 closure continuation,"fresh-this-thread: direct pytest file verification, zero exit"
tests/test_clinical_behavior_contract_oxygenator_dysfunction.py::test_membrane_transfer_impairment_reduces_o2_transfer_and_co2_clearance_at_fixed_flow,tests/test_clinical_behavior_contract_oxygenator_dysfunction.py,PASS,2026-08-11 closure continuation,"fresh-this-thread: direct pytest file verification, zero exit"
tests/test_clinical_behavior_contract_oxygenator_dysfunction.py::test_membrane_transfer_restoration_returns_outputs_to_clean_baseline,tests/test_clinical_behavior_contract_oxygenator_dysfunction.py,PASS,2026-08-11 closure continuation,"fresh-this-thread: direct pytest file verification, zero exit"
tests/test_clinical_behavior_contract_positive_airway_pressure.py::test_cbc07_higher_peep_reduces_native_output_and_map_while_measured_cvp_rises,tests/test_clinical_behavior_contract_positive_airway_pressure.py,PASS,2026-08-11 closure continuation,"fresh-this-thread: direct pytest file verification, zero exit"
tests/test_clinical_behavior_contract_positive_airway_pressure.py::test_cbc07_canonical_peep_sweep_is_directionally_graded,tests/test_clinical_behavior_contract_positive_airway_pressure.py,PASS,2026-08-11 closure continuation,"fresh-this-thread: direct pytest file verification, zero exit"
tests/test_clinical_behavior_contract_positive_airway_pressure.py::test_cbc07_static_peep_does_not_create_a_large_co2_artifact,tests/test_clinical_behavior_contract_positive_airway_pressure.py,PASS,2026-08-11 closure continuation,"fresh-this-thread: direct pytest file verification, zero exit"
tests/test_clinical_behavior_contract_positive_airway_pressure.py::test_cbc07_reversing_peep_recomputes_the_same_patient_to_baseline,tests/test_clinical_behavior_contract_positive_airway_pressure.py,PASS,2026-08-11 closure continuation,"fresh-this-thread: direct pytest file verification, zero exit"
tests/test_clinical_behavior_contract_sweep_gas_failure.py::test_contract_definition_preserves_validation_boundary_and_known_scope_limit,tests/test_clinical_behavior_contract_sweep_gas_failure.py,PASS,2026-08-11 closure continuation,"fresh-this-thread: direct pytest file verification, zero exit"
tests/test_clinical_behavior_contract_sweep_gas_failure.py::test_zero_sweep_disables_membrane_o2_addition_and_co2_removal_without_changing_flow,tests/test_clinical_behavior_contract_sweep_gas_failure.py,PASS,2026-08-11 closure continuation,"fresh-this-thread: direct pytest file verification, zero exit"
tests/test_clinical_behavior_contract_sweep_gas_failure.py::test_nonzero_sweep_titration_remains_co2_dominant_not_o2_control,tests/test_clinical_behavior_contract_sweep_gas_failure.py,PASS,2026-08-11 closure continuation,"fresh-this-thread: direct pytest file verification, zero exit"
tests/test_clinical_behavior_contract_sweep_gas_failure.py::test_coupled_patient_co2_rises_with_complete_sweep_loss_and_recovers_when_restored,tests/test_clinical_behavior_contract_sweep_gas_failure.py,PASS,2026-08-11 closure continuation,"fresh-this-thread: direct pytest file verification, zero exit"
tests/test_combined_equipment_bench.py::test_combined_equipment_expected_directional_behavior,tests/test_combined_equipment_bench.py,PASS,2026-08-11 closure continuation,"fresh-this-thread: direct pytest file verification, zero exit"
tests/test_coupled_patient_ecmo_time_step.py::test_va_support_raises_map_and_reduces_native_contribution,tests/test_coupled_patient_ecmo_time_step.py,PASS,2026-08-11 closure continuation,"fresh-this-thread: direct pytest file verification, zero exit"
tests/test_coupled_patient_ecmo_time_step.py::test_stopping_ecmo_restores_native_output_multiplier,tests/test_coupled_patient_ecmo_time_step.py,PASS,2026-08-11 closure continuation,"fresh-this-thread: direct pytest file verification, zero exit"
tests/test_coupled_patient_ecmo_time_step.py::test_ckrt_and_urine_reduce_volume_available_to_next_solve,tests/test_coupled_patient_ecmo_time_step.py,PASS,2026-08-11 closure continuation,"fresh-this-thread: direct pytest file verification, zero exit"
tests/test_coupled_patient_ecmo_time_step.py::test_bridge_flow_is_not_counted_as_systemic_support,tests/test_coupled_patient_ecmo_time_step.py,PASS,2026-08-11 closure continuation,"fresh-this-thread: direct pytest file verification, zero exit"
tests/test_dynamic_coupled_patient_ecmo.py::test_flow_display_lags_true_flow_after_rpm_step,tests/test_dynamic_coupled_patient_ecmo.py,PASS,2026-08-11 closure continuation,"fresh-this-thread: direct pytest file verification, zero exit"
tests/test_dynamic_coupled_patient_ecmo.py::test_display_converges_toward_true_state_over_time,tests/test_dynamic_coupled_patient_ecmo.py,PASS,2026-08-11 closure continuation,"fresh-this-thread: direct pytest file verification, zero exit"
tests/test_dynamic_coupled_patient_ecmo.py::test_co2_display_changes_more_slowly_than_true_value_after_sweep_step,tests/test_dynamic_coupled_patient_ecmo.py,PASS,2026-08-11 closure continuation,"fresh-this-thread: direct pytest file verification, zero exit"
tests/test_dynamic_coupled_patient_ecmo.py::test_true_chatter_is_immediate_but_display_latches_after_delay,tests/test_dynamic_coupled_patient_ecmo.py,PASS,2026-08-11 closure continuation,"fresh-this-thread: direct pytest file verification, zero exit"
tests/test_dynamic_coupled_patient_ecmo.py::test_low_volume_and_negative_p1_advisories_use_true_state,tests/test_dynamic_coupled_patient_ecmo.py,PASS,2026-08-11 closure continuation,"fresh-this-thread: direct pytest file verification, zero exit"
tests/test_dynamic_coupled_patient_ecmo.py::test_negative_time_rejected,tests/test_dynamic_coupled_patient_ecmo.py,PASS,2026-08-11 closure continuation,"fresh-this-thread: direct pytest file verification, zero exit"
tests/test_ecmo_console.py::test_basic_console_run_produces_consistent_bridge_closed_state,tests/test_ecmo_console.py,PASS,2026-08-11 closure continuation,"fresh-this-thread: direct pytest file verification, zero exit"
tests/test_ecmo_console.py::test_zero_rpm_gives_zero_flow,tests/test_ecmo_console.py,PASS,2026-08-11 closure continuation,"fresh-this-thread: direct pytest file verification, zero exit"
tests/test_ecmo_console.py::test_bridge_target_flow_actually_achieves_target,tests/test_ecmo_console.py,PASS,2026-08-11 closure continuation,"fresh-this-thread: direct pytest file verification, zero exit"
tests/test_ecmo_console.py::test_bridge_target_flow_shows_recirculation_at_cdi,tests/test_ecmo_console.py,PASS,2026-08-11 closure continuation,"fresh-this-thread: direct pytest file verification, zero exit"
tests/test_ecmo_console.py::test_direct_clamp_position_ignored_when_target_flow_given,tests/test_ecmo_console.py,PASS,2026-08-11 closure continuation,"fresh-this-thread: direct pytest file verification, zero exit"
tests/test_ecmo_console.py::test_direct_clamp_position_used_when_no_target_given,tests/test_ecmo_console.py,PASS,2026-08-11 closure continuation,"fresh-this-thread: direct pytest file verification, zero exit"
tests/test_ecmo_console.py::test_hemofilter_configuration_reduces_shunt_flow_vs_open,tests/test_ecmo_console.py,PASS,2026-08-11 closure continuation,"fresh-this-thread: direct pytest file verification, zero exit"
tests/test_ecmo_console.py::test_ckrt_configuration_matches_open_shunt_flow,tests/test_ecmo_console.py,PASS,2026-08-11 closure continuation,"fresh-this-thread: direct pytest file verification, zero exit"
tests/test_ecmo_console.py::test_fdo2_is_rounded_to_real_blender_step,tests/test_ecmo_console.py,PASS,2026-08-11 closure continuation,"fresh-this-thread: direct pytest file verification, zero exit"
tests/test_ecmo_console.py::test_lower_fdo2_reduces_post_oxygenator_saturation,tests/test_ecmo_console.py,PASS,2026-08-11 closure continuation,"fresh-this-thread: direct pytest file verification, zero exit"
tests/test_ecmo_console.py::test_higher_sweep_gas_flow_improves_co2_clearance,tests/test_ecmo_console.py,PASS,2026-08-11 closure continuation,"fresh-this-thread: direct pytest file verification, zero exit"
tests/test_ecmo_console.py::test_shunt_and_bridge_clot_fraction_pass_through_without_error,tests/test_ecmo_console.py,PASS,2026-08-11 closure continuation,"fresh-this-thread: direct pytest file verification, zero exit"
tests/test_ecmo_console.py::test_ecmo_console_does_not_import_patient_physiology_modules,tests/test_ecmo_console.py,PASS,2026-08-11 closure continuation,"fresh-this-thread: direct pytest file verification, zero exit"
tests/test_ecmo_patient_closed_loop_map.py::test_increasing_va_patient_flow_increases_settled_map,tests/test_ecmo_patient_closed_loop_map.py,PASS,2026-08-11 closure continuation,"fresh-this-thread: direct pytest file verification, zero exit"
tests/test_ecmo_patient_closed_loop_map.py::test_stopping_ecmo_returns_map_to_patient_baseline,tests/test_ecmo_patient_closed_loop_map.py,PASS,2026-08-11 closure continuation,"fresh-this-thread: direct pytest file verification, zero exit"
tests/test_ecmo_patient_closed_loop_map.py::test_bridge_recirculation_does_not_count_as_map_support,tests/test_ecmo_patient_closed_loop_map.py,PASS,2026-08-11 closure continuation,"fresh-this-thread: direct pytest file verification, zero exit"
tests/test_ecmo_patient_closed_loop_map.py::test_increased_map_feeds_back_and_limits_flow_relative_to_fixed_baseline_map,tests/test_ecmo_patient_closed_loop_map.py,PASS,2026-08-11 closure continuation,"fresh-this-thread: direct pytest file verification, zero exit"
tests/test_ecmo_patient_closed_loop_map.py::test_pulse_pressure_can_fall_while_map_rises,tests/test_ecmo_patient_closed_loop_map.py,PASS,2026-08-11 closure continuation,"fresh-this-thread: direct pytest file verification, zero exit"
tests/test_ecmo_patient_closed_loop_map.py::test_closed_loop_converges_and_preserves_branch_conservation,tests/test_ecmo_patient_closed_loop_map.py,PASS,2026-08-11 closure continuation,"fresh-this-thread: direct pytest file verification, zero exit"
tests/test_ecmo_patient_coupling_contract.py::test_contract_translates_existing_patient_and_ecmo_without_changing_solvers,tests/test_ecmo_patient_coupling_contract.py,PASS,2026-08-11 closure continuation,"fresh-this-thread: direct pytest file verification, zero exit"
tests/test_ecmo_patient_coupling_contract.py::test_ecmo_contract_preserves_branch_flow_conservation,tests/test_ecmo_patient_coupling_contract.py,PASS,2026-08-11 closure continuation,"fresh-this-thread: direct pytest file verification, zero exit"
tests/test_ecmo_patient_coupling_contract.py::test_invalid_saturation_is_rejected,tests/test_ecmo_patient_coupling_contract.py,PASS,2026-08-11 closure continuation,"fresh-this-thread: direct pytest file verification, zero exit"
tests/test_ecmo_patient_coupling_contract.py::test_nonconserving_ecmo_delivery_is_rejected,tests/test_ecmo_patient_coupling_contract.py,PASS,2026-08-11 closure continuation,"fresh-this-thread: direct pytest file verification, zero exit"
tests/test_ecmo_patient_coupling_contract.py::test_contract_validation_is_explicit_and_side_effect_free,tests/test_ecmo_patient_coupling_contract.py,PASS,2026-08-11 closure continuation,"fresh-this-thread: direct pytest file verification, zero exit"
tests/test_ecmo_patient_gas_behavior.py::test_increasing_patient_directed_ecmo_flow_raises_patient_pao2_and_oxygen_delivery,tests/test_ecmo_patient_gas_behavior.py,PASS,2026-08-11 closure continuation,"fresh-this-thread: direct pytest file verification, zero exit"
tests/test_ecmo_patient_gas_behavior.py::test_sweep_is_dominant_control_of_patient_co2_at_fixed_blood_flow,tests/test_ecmo_patient_gas_behavior.py,PASS,2026-08-11 closure continuation,"fresh-this-thread: direct pytest file verification, zero exit"
tests/test_ecmo_patient_gas_behavior.py::test_flow_has_smaller_secondary_co2_effect_than_sweep_change,tests/test_ecmo_patient_gas_behavior.py,PASS,2026-08-11 closure continuation,"fresh-this-thread: direct pytest file verification, zero exit"
tests/test_ecmo_patient_gas_behavior.py::test_unified_patient_consumes_return_po2_and_pco2_not_just_saturation,tests/test_ecmo_patient_gas_behavior.py,PASS,2026-08-11 closure continuation,"fresh-this-thread: direct pytest file verification, zero exit"
tests/test_ecmo_patient_gas_behavior.py::test_solved_ecmo_delivery_can_drive_unified_patient_port,tests/test_ecmo_patient_gas_behavior.py,PASS,2026-08-11 closure continuation,"fresh-this-thread: direct pytest file verification, zero exit"
tests/test_ecmo_patient_hydraulic_coupling.py::test_higher_map_reduces_patient_directed_flow_at_same_rpm,tests/test_ecmo_patient_hydraulic_coupling.py,PASS,2026-08-11 closure continuation,"fresh-this-thread: direct pytest file verification, zero exit"
tests/test_ecmo_patient_hydraulic_coupling.py::test_higher_cvp_increases_patient_directed_flow_at_same_rpm_and_map,tests/test_ecmo_patient_hydraulic_coupling.py,PASS,2026-08-11 closure continuation,"fresh-this-thread: direct pytest file verification, zero exit"
tests/test_ecmo_patient_hydraulic_coupling.py::test_higher_cvp_makes_p1_less_negative,tests/test_ecmo_patient_hydraulic_coupling.py,PASS,2026-08-11 closure continuation,"fresh-this-thread: direct pytest file verification, zero exit"
tests/test_ecmo_patient_hydraulic_coupling.py::test_branch_flow_conservation_is_preserved_with_live_patient_pressures,tests/test_ecmo_patient_hydraulic_coupling.py,PASS,2026-08-11 closure continuation,"fresh-this-thread: direct pytest file verification, zero exit"
tests/test_ecmo_patient_hydraulic_coupling.py::test_legacy_uncoupled_console_behavior_remains_available,tests/test_ecmo_patient_hydraulic_coupling.py,PASS,2026-08-11 closure continuation,"fresh-this-thread: direct pytest file verification, zero exit"
tests/test_ecmo_preload_drainage_coupling.py::test_lower_blood_volume_reduces_sustainable_drainage_and_patient_flow,tests/test_ecmo_preload_drainage_coupling.py,PASS,2026-08-11 closure continuation,"fresh-this-thread: direct pytest file verification, zero exit"
tests/test_ecmo_preload_drainage_coupling.py::test_hypovolemia_makes_effective_drainage_pressure_more_negative,tests/test_ecmo_preload_drainage_coupling.py,PASS,2026-08-11 closure continuation,"fresh-this-thread: direct pytest file verification, zero exit"
tests/test_ecmo_preload_drainage_coupling.py::test_excessive_rpm_with_low_volume_produces_chatter,tests/test_ecmo_preload_drainage_coupling.py,PASS,2026-08-11 closure continuation,"fresh-this-thread: direct pytest file verification, zero exit"
tests/test_ecmo_preload_drainage_coupling.py::test_lowering_rpm_can_reduce_or_clear_chatter,tests/test_ecmo_preload_drainage_coupling.py,PASS,2026-08-11 closure continuation,"fresh-this-thread: direct pytest file verification, zero exit"
tests/test_ecmo_preload_drainage_coupling.py::test_bridge_flow_does_not_expand_patient_drainage_capacity,tests/test_ecmo_preload_drainage_coupling.py,PASS,2026-08-11 closure continuation,"fresh-this-thread: direct pytest file verification, zero exit"
tests/test_ecmo_preload_drainage_coupling.py::test_normal_volume_at_moderate_rpm_does_not_chatter,tests/test_ecmo_preload_drainage_coupling.py,PASS,2026-08-11 closure continuation,"fresh-this-thread: direct pytest file verification, zero exit"
tests/test_ecmo_workspace_dynamic_integration.py::test_workspace_exposes_coupled_patient_state,tests/test_ecmo_workspace_dynamic_integration.py,PASS,2026-08-11 closure continuation,"fresh-this-thread: direct pytest file verification, zero exit"
tests/test_ecmo_workspace_dynamic_integration.py::test_workspace_advance_uses_delayed_display_flow,tests/test_ecmo_workspace_dynamic_integration.py,PASS,2026-08-11 closure continuation,"fresh-this-thread: direct pytest file verification, zero exit"
tests/test_ecmo_workspace_dynamic_integration.py::test_workspace_sweep_change_reaches_patient_co2_with_display_lag,tests/test_ecmo_workspace_dynamic_integration.py,PASS,2026-08-11 closure continuation,"fresh-this-thread: direct pytest file verification, zero exit"
tests/test_ecmo_workspace_events.py::test_workspace_emits_structured_control_change_events,tests/test_ecmo_workspace_events.py,PASS,2026-08-11 closure continuation,"fresh-this-thread: direct pytest file verification, zero exit"
tests/test_ecmo_workspace_events.py::test_workspace_does_not_emit_duplicate_event_for_noop_update,tests/test_ecmo_workspace_events.py,PASS,2026-08-11 closure continuation,"fresh-this-thread: direct pytest file verification, zero exit"
tests/test_ecmo_workspace_events.py::test_workspace_generic_event_hook_supports_future_interventions_without_scenario_engine,tests/test_ecmo_workspace_events.py,PASS,2026-08-11 closure continuation,"fresh-this-thread: direct pytest file verification, zero exit"
tests/test_ecmo_workspace_model.py::test_stopped_pump_applies_zero_rpm_and_flow,tests/test_ecmo_workspace_model.py,PASS,2026-08-11 closure continuation,"fresh-this-thread: direct pytest file verification, zero exit"
tests/test_ecmo_workspace_model.py::test_starting_pump_uses_commanded_rpm_and_produces_flow,tests/test_ecmo_workspace_model.py,PASS,2026-08-11 closure continuation,"fresh-this-thread: direct pytest file verification, zero exit"
tests/test_ecmo_workspace_model.py::test_bridge_opening_redistributes_flow_without_setting_total_flow_directly,tests/test_ecmo_workspace_model.py,PASS,2026-08-11 closure continuation,"fresh-this-thread: direct pytest file verification, zero exit"
tests/test_ecmo_workspace_model.py::test_fdo2_and_sweep_controls_reach_console_solver,tests/test_ecmo_workspace_model.py,PASS,2026-08-11 closure continuation,"fresh-this-thread: direct pytest file verification, zero exit"
tests/test_ecmo_workspace_model.py::test_shunt_configuration_is_supported_by_workspace_model,tests/test_ecmo_workspace_model.py,PASS,2026-08-11 closure continuation,"fresh-this-thread: direct pytest file verification, zero exit"
tests/test_event_stream.py::test_event_record_requires_machine_readable_identity_and_aware_timestamp,tests/test_event_stream.py,PASS,2026-08-11 closure continuation,"fresh-this-thread: direct pytest file verification, zero exit"
tests/test_event_stream.py::test_event_record_round_trips_through_stable_dictionary_schema,tests/test_event_stream.py,PASS,2026-08-11 closure continuation,"fresh-this-thread: direct pytest file verification, zero exit"
tests/test_event_stream.py::test_event_stream_is_append_only_and_serializes_json_lines,tests/test_event_stream.py,PASS,2026-08-11 closure continuation,"fresh-this-thread: direct pytest file verification, zero exit"
tests/test_event_stream.py::test_event_stream_rejects_non_serializable_payloads,tests/test_event_stream.py,PASS,2026-08-11 closure continuation,"fresh-this-thread: direct pytest file verification, zero exit"
tests/test_external_cannula_fixtures.py::test_manufacturer_anchor_points_are_reproduced,tests/test_external_cannula_fixtures.py,PASS,2026-08-11 closure continuation,"fresh-this-thread: direct pytest file verification, zero exit"
tests/test_external_cannula_fixtures.py::test_larger_cannula_has_lower_loss_at_same_flow,tests/test_external_cannula_fixtures.py,PASS,2026-08-11 closure continuation,"fresh-this-thread: direct pytest file verification, zero exit"
tests/test_external_cannula_fixtures.py::test_patient_engine_does_not_import_bench_fixtures,tests/test_external_cannula_fixtures.py,PASS,2026-08-11 closure continuation,"fresh-this-thread: direct pytest file verification, zero exit"
tests/test_external_cannula_fixtures.py::test_overlay_module_is_external_only,tests/test_external_cannula_fixtures.py,PASS,2026-08-11 closure continuation,"fresh-this-thread: direct pytest file verification, zero exit"
tests/test_external_cannula_fixtures.py::test_patient_engine_does_not_import_regression_or_pump_fixtures,tests/test_external_cannula_fixtures.py,PASS,2026-08-11 closure continuation,"fresh-this-thread: direct pytest file verification, zero exit"
tests/test_fixed_shunt.py::test_zero_pressure_difference_gives_zero_flow,tests/test_fixed_shunt.py,PASS,2026-08-11 closure continuation,"fresh-this-thread: direct pytest file verification, zero exit"
tests/test_fixed_shunt.py::test_flow_runs_from_high_to_low_pressure,tests/test_fixed_shunt.py,PASS,2026-08-11 closure continuation,"fresh-this-thread: direct pytest file verification, zero exit"
tests/test_fixed_shunt.py::test_reversed_pressure_gradient_gives_negative_flow_not_an_error,tests/test_fixed_shunt.py,PASS,2026-08-11 closure continuation,"fresh-this-thread: direct pytest file verification, zero exit"
tests/test_fixed_shunt.py::test_larger_pressure_difference_increases_flow_magnitude,tests/test_fixed_shunt.py,PASS,2026-08-11 closure continuation,"fresh-this-thread: direct pytest file verification, zero exit"
tests/test_fixed_shunt.py::test_hemofilter_installed_but_inactive_still_adds_resistance,tests/test_fixed_shunt.py,PASS,2026-08-11 closure continuation,"fresh-this-thread: direct pytest file verification, zero exit"
tests/test_fixed_shunt.py::test_scuffing_active_state_does_not_change_hydraulic_resistance,tests/test_fixed_shunt.py,PASS,2026-08-11 closure continuation,"fresh-this-thread: direct pytest file verification, zero exit"
tests/test_fixed_shunt.py::test_removing_filter_lowers_resistance_raises_flow,tests/test_fixed_shunt.py,PASS,2026-08-11 closure continuation,"fresh-this-thread: direct pytest file verification, zero exit"
tests/test_fixed_shunt.py::test_ckrt_configuration_behaves_identically_to_open_hydraulically,tests/test_fixed_shunt.py,PASS,2026-08-11 closure continuation,"fresh-this-thread: direct pytest file verification, zero exit"
tests/test_fixed_shunt.py::test_ckrt_shunt_flow_still_responds_to_clot_fraction,tests/test_fixed_shunt.py,PASS,2026-08-11 closure continuation,"fresh-this-thread: direct pytest file verification, zero exit"
tests/test_fixed_shunt.py::test_ckrt_blood_flow_field_does_not_affect_shunt_hydraulics,tests/test_fixed_shunt.py,PASS,2026-08-11 closure continuation,"fresh-this-thread: direct pytest file verification, zero exit"
tests/test_fixed_shunt.py::test_ckrt_gives_more_shunt_flow_than_hemofilter,tests/test_fixed_shunt.py,PASS,2026-08-11 closure continuation,"fresh-this-thread: direct pytest file verification, zero exit"
tests/test_fixed_shunt.py::test_clot_fraction_raises_resistance_lowers_flow,tests/test_fixed_shunt.py,PASS,2026-08-11 closure continuation,"fresh-this-thread: direct pytest file verification, zero exit"
tests/test_fixed_shunt.py::test_filtrate_accumulates_only_with_hemofilter_and_active,tests/test_fixed_shunt.py,PASS,2026-08-11 closure continuation,"fresh-this-thread: direct pytest file verification, zero exit"
tests/test_fixed_shunt.py::test_filtrate_does_not_accumulate_if_hemofilter_but_inactive,tests/test_fixed_shunt.py,PASS,2026-08-11 closure continuation,"fresh-this-thread: direct pytest file verification, zero exit"
tests/test_fixed_shunt.py::test_filtrate_does_not_accumulate_if_active_but_not_hemofilter,tests/test_fixed_shunt.py,PASS,2026-08-11 closure continuation,"fresh-this-thread: direct pytest file verification, zero exit"
tests/test_fixed_shunt.py::test_filtrate_does_not_accumulate_during_ckrt_even_if_active_flag_set,tests/test_fixed_shunt.py,PASS,2026-08-11 closure continuation,"fresh-this-thread: direct pytest file verification, zero exit"
tests/test_fixed_shunt.py::test_ckrt_net_ultrafiltration_accumulates_while_machine_is_running,tests/test_fixed_shunt.py,PASS,2026-08-11 closure continuation,"fresh-this-thread: direct pytest file verification, zero exit"
tests/test_fixed_shunt.py::test_ckrt_net_ultrafiltration_does_not_accumulate_if_machine_not_running,tests/test_fixed_shunt.py,PASS,2026-08-11 closure continuation,"fresh-this-thread: direct pytest file verification, zero exit"
tests/test_fixed_shunt.py::test_ckrt_net_ultrafiltration_is_much_smaller_than_ckrt_blood_flow,tests/test_fixed_shunt.py,PASS,2026-08-11 closure continuation,"fresh-this-thread: direct pytest file verification, zero exit"
tests/test_fixed_shunt.py::test_filtrate_removal_rejects_negative_dt,tests/test_fixed_shunt.py,PASS,2026-08-11 closure continuation,"fresh-this-thread: direct pytest file verification, zero exit"
tests/test_fixed_shunt.py::test_bench_sweep_returns_one_point_per_downstream_step,tests/test_fixed_shunt.py,PASS,2026-08-11 closure continuation,"fresh-this-thread: direct pytest file verification, zero exit"
tests/test_fixed_shunt.py::test_fixed_shunt_module_does_not_import_patient_physiology_modules,tests/test_fixed_shunt.py,PASS,2026-08-11 closure continuation,"fresh-this-thread: direct pytest file verification, zero exit"
tests/test_fluid_feedback.py::test_fluid_changes_true_blood_volume,tests/test_fluid_feedback.py,PASS,2026-08-11 closure continuation,"fresh-this-thread: direct pytest file verification, zero exit"
tests/test_fluid_feedback.py::test_uf_reduces_true_blood_volume_and_flow,tests/test_fluid_feedback.py,PASS,2026-08-11 closure continuation,"fresh-this-thread: direct pytest file verification, zero exit"
tests/test_fluid_feedback.py::test_fluid_increases_preload,tests/test_fluid_feedback.py,PASS,2026-08-11 closure continuation,"fresh-this-thread: direct pytest file verification, zero exit"
tests/test_fluid_feedback.py::test_cvlung_uf_keeps_gas_and_reduces_flow,tests/test_fluid_feedback.py,PASS,2026-08-11 closure continuation,"fresh-this-thread: direct pytest file verification, zero exit"
tests/test_gas_exchange.py::test_normal_room_air_gas_exchange_is_plausible_for_reference_neonate,tests/test_gas_exchange.py,PASS,2026-08-11 closure continuation,"fresh-this-thread: direct pytest file verification, zero exit"
tests/test_gas_exchange.py::test_increasing_fio2_increases_arterial_oxygenation,tests/test_gas_exchange.py,PASS,2026-08-11 closure continuation,"fresh-this-thread: direct pytest file verification, zero exit"
tests/test_gas_exchange.py::test_hypoventilation_increases_co2,tests/test_gas_exchange.py,PASS,2026-08-11 closure continuation,"fresh-this-thread: direct pytest file verification, zero exit"
tests/test_gas_exchange.py::test_dead_space_increases_co2_at_same_mechanics,tests/test_gas_exchange.py,PASS,2026-08-11 closure continuation,"fresh-this-thread: direct pytest file verification, zero exit"
tests/test_gas_exchange.py::test_shunt_reduces_oxygenation_without_directly_changing_ventilation,tests/test_gas_exchange.py,PASS,2026-08-11 closure continuation,"fresh-this-thread: direct pytest file verification, zero exit"
tests/test_gas_exchange.py::test_reduced_diffusion_reduces_oxygenation,tests/test_gas_exchange.py,PASS,2026-08-11 closure continuation,"fresh-this-thread: direct pytest file verification, zero exit"
tests/test_gas_exchange.py::test_neolung_still_does_not_import_neocirculation,tests/test_gas_exchange.py,PASS,2026-08-11 closure continuation,"fresh-this-thread: direct pytest file verification, zero exit"
tests/test_gas_exchange.py::test_high_vq_mismatch_behaves_like_added_dead_space,tests/test_gas_exchange.py,PASS,2026-08-11 closure continuation,"fresh-this-thread: direct pytest file verification, zero exit"
tests/test_gas_exchange.py::test_low_vq_mismatch_reduces_oxygenation,tests/test_gas_exchange.py,PASS,2026-08-11 closure continuation,"fresh-this-thread: direct pytest file verification, zero exit"
tests/test_gas_exchange_module.py::test_efficiency_is_full_at_or_below_rated_flow,tests/test_gas_exchange_module.py,PASS,2026-08-11 closure continuation,"fresh-this-thread: direct pytest file verification, zero exit"
tests/test_gas_exchange_module.py::test_efficiency_falls_off_beyond_rated_flow,tests/test_gas_exchange_module.py,PASS,2026-08-11 closure continuation,"fresh-this-thread: direct pytest file verification, zero exit"
tests/test_gas_exchange_module.py::test_obstruction_reduces_effective_rated_flow,tests/test_gas_exchange_module.py,PASS,2026-08-11 closure continuation,"fresh-this-thread: direct pytest file verification, zero exit"
tests/test_gas_exchange_module.py::test_outlet_saturation_rises_toward_ceiling_at_low_flow,tests/test_gas_exchange_module.py,PASS,2026-08-11 closure continuation,"fresh-this-thread: direct pytest file verification, zero exit"
tests/test_gas_exchange_module.py::test_outlet_saturation_lower_at_flow_far_beyond_rated,tests/test_gas_exchange_module.py,PASS,2026-08-11 closure continuation,"fresh-this-thread: direct pytest file verification, zero exit"
tests/test_gas_exchange_module.py::test_lower_fdo2_caps_achievable_saturation,tests/test_gas_exchange_module.py,PASS,2026-08-11 closure continuation,"fresh-this-thread: direct pytest file verification, zero exit"
tests/test_gas_exchange_module.py::test_oxygenator_never_actively_desaturates_blood,tests/test_gas_exchange_module.py,PASS,2026-08-11 closure continuation,"fresh-this-thread: direct pytest file verification, zero exit"
tests/test_gas_exchange_module.py::test_clotted_membrane_reduces_outlet_saturation_at_high_flow,tests/test_gas_exchange_module.py,PASS,2026-08-11 closure continuation,"fresh-this-thread: direct pytest file verification, zero exit"
tests/test_gas_exchange_module.py::test_co2_clearance_full_once_sweep_matches_blood_flow,tests/test_gas_exchange_module.py,PASS,2026-08-11 closure continuation,"fresh-this-thread: direct pytest file verification, zero exit"
tests/test_gas_exchange_module.py::test_co2_clearance_reduced_when_sweep_insufficient,tests/test_gas_exchange_module.py,PASS,2026-08-11 closure continuation,"fresh-this-thread: direct pytest file verification, zero exit"
tests/test_gas_exchange_module.py::test_outlet_paco2_drops_toward_floor_with_adequate_sweep,tests/test_gas_exchange_module.py,PASS,2026-08-11 closure continuation,"fresh-this-thread: direct pytest file verification, zero exit"
tests/test_gas_exchange_module.py::test_outlet_paco2_stays_high_with_insufficient_sweep,tests/test_gas_exchange_module.py,PASS,2026-08-11 closure continuation,"fresh-this-thread: direct pytest file verification, zero exit"
tests/test_gas_exchange_module.py::test_bench_sweep_returns_one_point_per_flow_step,tests/test_gas_exchange_module.py,PASS,2026-08-11 closure continuation,"fresh-this-thread: direct pytest file verification, zero exit"
tests/test_gas_exchange_module.py::test_blender_clamps_below_room_air_floor,tests/test_gas_exchange_module.py,PASS,2026-08-11 closure continuation,"fresh-this-thread: direct pytest file verification, zero exit"
tests/test_gas_exchange_module.py::test_blender_clamps_above_pure_o2_ceiling,tests/test_gas_exchange_module.py,PASS,2026-08-11 closure continuation,"fresh-this-thread: direct pytest file verification, zero exit"
tests/test_gas_exchange_module.py::test_blender_rounds_to_nearest_one_percent,tests/test_gas_exchange_module.py,PASS,2026-08-11 closure continuation,"fresh-this-thread: direct pytest file verification, zero exit"
tests/test_gas_exchange_module.py::test_outlet_saturation_floors_fdo2_at_room_air,tests/test_gas_exchange_module.py,PASS,2026-08-11 closure continuation,"fresh-this-thread: direct pytest file verification, zero exit"
tests/test_gas_exchange_module.py::test_gas_exchange_modules_do_not_import_patient_physiology_modules,tests/test_gas_exchange_module.py,PASS,2026-08-11 closure continuation,"fresh-this-thread: direct pytest file verification, zero exit"
tests/test_interventions_phase2b.py::test_volume_intervention_uses_authoritative_patient_volume_mechanism_and_emits_event,tests/test_interventions_phase2b.py,PASS,2026-08-11 closure continuation,"fresh-this-thread: direct pytest file verification, zero exit"
tests/test_interventions_phase2b.py::test_volume_intervention_rejects_non_positive_or_nonfinite_values,tests/test_interventions_phase2b.py,PASS,2026-08-11 closure continuation,"fresh-this-thread: direct pytest file verification, zero exit"
tests/test_interventions_phase2b.py::test_ckrt_prescription_is_stored_but_inactive_when_shunt_is_not_ckrt,tests/test_interventions_phase2b.py,PASS,2026-08-11 closure continuation,"fresh-this-thread: direct pytest file verification, zero exit"
tests/test_interventions_phase2b.py::test_ckrt_prescription_removes_fluid_only_when_ckrt_selected_and_blood_flow_running,tests/test_interventions_phase2b.py,PASS,2026-08-11 closure continuation,"fresh-this-thread: direct pytest file verification, zero exit"
tests/test_interventions_phase2b.py::test_ckrt_zero_blood_flow_gates_net_uf_even_when_ckrt_selected,tests/test_interventions_phase2b.py,PASS,2026-08-11 closure continuation,"fresh-this-thread: direct pytest file verification, zero exit"
tests/test_interventions_phase2b.py::test_ckrt_prescription_rejects_negative_or_nonfinite_values,tests/test_interventions_phase2b.py,PASS,2026-08-11 closure continuation,"fresh-this-thread: direct pytest file verification, zero exit"
tests/test_kidney_live_coupling.py::test_standalone_normal_urine,tests/test_kidney_live_coupling.py,PASS,prior continuation direct/bounded verification,carried-forward: START_HERE_PHASE6_HANDOFF_2026-08-11.md explicit direct/bounded zero-exit result
tests/test_kidney_live_coupling.py::test_live_cv_drives_kidney,tests/test_kidney_live_coupling.py,PASS,prior continuation direct/bounded verification,carried-forward: START_HERE_PHASE6_HANDOFF_2026-08-11.md explicit direct/bounded zero-exit result
tests/test_kidney_live_coupling.py::test_renal_vasoconstriction_reduces_rbf,tests/test_kidney_live_coupling.py,PASS,prior continuation direct/bounded verification,carried-forward: START_HERE_PHASE6_HANDOFF_2026-08-11.md explicit direct/bounded zero-exit result
tests/test_kidney_live_coupling.py::test_live_cvlung_normal_is_stable,tests/test_kidney_live_coupling.py,PASS,prior continuation direct/bounded verification,carried-forward: START_HERE_PHASE6_HANDOFF_2026-08-11.md explicit direct/bounded zero-exit result
tests/test_kidney_live_coupling.py::test_peep_can_reduce_renal_perfusion,tests/test_kidney_live_coupling.py,PASS,prior continuation direct/bounded verification,carried-forward: START_HERE_PHASE6_HANDOFF_2026-08-11.md explicit direct/bounded zero-exit result
tests/test_kidney_live_coupling.py::test_hypoxia_does_not_directly_fake_renal_failure,tests/test_kidney_live_coupling.py,PASS,prior continuation direct/bounded verification,carried-forward: START_HERE_PHASE6_HANDOFF_2026-08-11.md explicit direct/bounded zero-exit result
tests/test_labs_phase2c.py::test_lab_queue_freezes_nested_values_and_uses_deterministic_ids,tests/test_labs_phase2c.py,PASS,2026-08-11 closure continuation,"fresh-this-thread: direct pytest file verification, zero exit"
tests/test_labs_phase2c.py::test_patient_gas_is_frozen_at_sample_time_and_rejects_pending_native_state,tests/test_labs_phase2c.py,PASS,2026-08-11 closure continuation,"fresh-this-thread: direct pytest file verification, zero exit"
tests/test_labs_phase2c.py::test_post_oxygenator_gas_freezes_collection_value_not_future_console_value,tests/test_labs_phase2c.py,PASS,2026-08-11 closure continuation,"fresh-this-thread: direct pytest file verification, zero exit"
tests/test_labs_phase2c.py::test_lab_order_and_result_available_events_are_separate_and_result_event_emits_once,tests/test_labs_phase2c.py,PASS,2026-08-11 closure continuation,"fresh-this-thread: direct pytest file verification, zero exit"
tests/test_labs_phase2c.py::test_zero_turnaround_still_preserves_distinct_order_and_availability_events,tests/test_labs_phase2c.py,PASS,2026-08-11 closure continuation,"fresh-this-thread: direct pytest file verification, zero exit"
tests/test_labs_phase2c.py::test_unsupported_or_invalid_lab_orders_are_rejected_without_events,tests/test_labs_phase2c.py,PASS,2026-08-11 closure continuation,"fresh-this-thread: direct pytest file verification, zero exit"
tests/test_lung_standalone.py::test_normal_lung_produces_neonatal_scale_tidal_volume,tests/test_lung_standalone.py,PASS,prior continuation direct/bounded verification,carried-forward: START_HERE_PHASE6_HANDOFF_2026-08-11.md explicit direct/bounded zero-exit result
tests/test_lung_standalone.py::test_low_compliance_reduces_tidal_volume_at_same_effort,tests/test_lung_standalone.py,PASS,prior continuation direct/bounded verification,carried-forward: START_HERE_PHASE6_HANDOFF_2026-08-11.md explicit direct/bounded zero-exit result
tests/test_lung_standalone.py::test_high_airway_resistance_reduces_tidal_volume_at_same_rate_effort,tests/test_lung_standalone.py,PASS,prior continuation direct/bounded verification,carried-forward: START_HERE_PHASE6_HANDOFF_2026-08-11.md explicit direct/bounded zero-exit result
tests/test_lung_standalone.py::test_peep_raises_end_expiratory_volume,tests/test_lung_standalone.py,PASS,prior continuation direct/bounded verification,carried-forward: START_HERE_PHASE6_HANDOFF_2026-08-11.md explicit direct/bounded zero-exit result
tests/test_lung_standalone.py::test_neolung_does_not_import_neocirculation,tests/test_lung_standalone.py,PASS,prior continuation direct/bounded verification,carried-forward: START_HERE_PHASE6_HANDOFF_2026-08-11.md explicit direct/bounded zero-exit result
tests/test_main_circuit_full.py::test_solve_patient_path_flow_inverts_delta_p_function,tests/test_main_circuit_full.py,PASS,2026-08-11 closure continuation,"fresh-this-thread: direct pytest file verification, zero exit"
tests/test_main_circuit_full.py::test_patient_path_zero_delta_p_gives_zero_flow,tests/test_main_circuit_full.py,PASS,2026-08-11 closure continuation,"fresh-this-thread: direct pytest file verification, zero exit"
tests/test_main_circuit_full.py::test_patient_path_delta_p_increases_with_flow,tests/test_main_circuit_full.py,PASS,2026-08-11 closure continuation,"fresh-this-thread: direct pytest file verification, zero exit"
tests/test_main_circuit_full.py::test_full_circuit_flow_conservation,tests/test_main_circuit_full.py,PASS,2026-08-11 closure continuation,"fresh-this-thread: direct pytest file verification, zero exit"
tests/test_main_circuit_full.py::test_full_circuit_pressure_consistency,tests/test_main_circuit_full.py,PASS,2026-08-11 closure continuation,"fresh-this-thread: direct pytest file verification, zero exit"
tests/test_main_circuit_full.py::test_reproduces_real_numbers_closely_at_3000rpm_bridge_closed,tests/test_main_circuit_full.py,PASS,2026-08-11 closure continuation,"fresh-this-thread: direct pytest file verification, zero exit"
tests/test_main_circuit_full.py::test_shunt_fraction_now_increases_with_rpm_due_to_quadratic_cannula_terms,tests/test_main_circuit_full.py,PASS,2026-08-11 closure continuation,"fresh-this-thread: direct pytest file verification, zero exit"
tests/test_main_circuit_full.py::test_bridge_closed_gives_zero_bridge_flow,tests/test_main_circuit_full.py,PASS,2026-08-11 closure continuation,"fresh-this-thread: direct pytest file verification, zero exit"
tests/test_main_circuit_full.py::test_bridge_crack_still_diverts_majority_of_flow,tests/test_main_circuit_full.py,PASS,2026-08-11 closure continuation,"fresh-this-thread: direct pytest file verification, zero exit"
tests/test_main_circuit_full.py::test_zero_rpm_still_solves,tests/test_main_circuit_full.py,PASS,2026-08-11 closure continuation,"fresh-this-thread: direct pytest file verification, zero exit"
tests/test_main_circuit_full.py::test_patient_path_does_not_import_patient_physiology_modules,tests/test_main_circuit_full.py,PASS,2026-08-11 closure continuation,"fresh-this-thread: direct pytest file verification, zero exit"
tests/test_main_circuit_full.py::test_main_circuit_full_does_not_import_patient_physiology_modules,tests/test_main_circuit_full.py,PASS,2026-08-11 closure continuation,"fresh-this-thread: direct pytest file verification, zero exit"
tests/test_main_circuit_series.py::test_solved_point_pressures_are_internally_consistent,tests/test_main_circuit_series.py,PASS,2026-08-11 closure continuation,"fresh-this-thread: direct pytest file verification, zero exit"
tests/test_main_circuit_series.py::test_solved_flow_is_nonnegative_by_construction,tests/test_main_circuit_series.py,PASS,2026-08-11 closure continuation,"fresh-this-thread: direct pytest file verification, zero exit"
tests/test_main_circuit_series.py::test_oxygenator_in_series_reduces_flow_versus_pump_alone,tests/test_main_circuit_series.py,PASS,2026-08-11 closure continuation,"fresh-this-thread: direct pytest file verification, zero exit"
tests/test_main_circuit_series.py::test_oxygenator_obstruction_reduces_series_flow_at_fixed_rpm,tests/test_main_circuit_series.py,PASS,2026-08-11 closure continuation,"fresh-this-thread: direct pytest file verification, zero exit"
tests/test_main_circuit_series.py::test_increasing_rpm_increases_series_flow,tests/test_main_circuit_series.py,PASS,2026-08-11 closure continuation,"fresh-this-thread: direct pytest file verification, zero exit"
tests/test_main_circuit_series.py::test_zero_rpm_yields_zero_flow_with_matched_reservoirs,tests/test_main_circuit_series.py,PASS,2026-08-11 closure continuation,"fresh-this-thread: direct pytest file verification, zero exit"
tests/test_main_circuit_series.py::test_default_resistances_match_measured_tubing_segments,tests/test_main_circuit_series.py,PASS,2026-08-11 closure continuation,"fresh-this-thread: direct pytest file verification, zero exit"
tests/test_main_circuit_series.py::test_main_circuit_series_does_not_import_patient_physiology_modules,tests/test_main_circuit_series.py,PASS,2026-08-11 closure continuation,"fresh-this-thread: direct pytest file verification, zero exit"
tests/test_main_circuit_with_shunt.py::test_shunt_and_patient_flow_sum_to_total,tests/test_main_circuit_with_shunt.py,PASS,2026-08-11 closure continuation,"fresh-this-thread: direct pytest file verification, zero exit"
tests/test_main_circuit_with_shunt.py::test_junction_pressures_are_internally_consistent,tests/test_main_circuit_with_shunt.py,PASS,2026-08-11 closure continuation,"fresh-this-thread: direct pytest file verification, zero exit"
tests/test_main_circuit_with_shunt.py::test_reproduces_reported_shunt_fraction_with_bridge_closed,tests/test_main_circuit_with_shunt.py,PASS,2026-08-11 closure continuation,"fresh-this-thread: direct pytest file verification, zero exit"
tests/test_main_circuit_with_shunt.py::test_shunt_fraction_stays_roughly_constant_across_rpm,tests/test_main_circuit_with_shunt.py,PASS,2026-08-11 closure continuation,"fresh-this-thread: direct pytest file verification, zero exit"
tests/test_main_circuit_with_shunt.py::test_shunt_clot_fraction_reduces_shunt_flow_fraction,tests/test_main_circuit_with_shunt.py,PASS,2026-08-11 closure continuation,"fresh-this-thread: direct pytest file verification, zero exit"
tests/test_main_circuit_with_shunt.py::test_increasing_rpm_increases_total_flow,tests/test_main_circuit_with_shunt.py,PASS,2026-08-11 closure continuation,"fresh-this-thread: direct pytest file verification, zero exit"
tests/test_main_circuit_with_shunt.py::test_main_circuit_with_shunt_does_not_import_patient_physiology_modules,tests/test_main_circuit_with_shunt.py,PASS,2026-08-11 closure continuation,"fresh-this-thread: direct pytest file verification, zero exit"
tests/test_main_circuit_with_shunt_and_bridge.py::test_bridge_closed_by_default_reproduces_stage2_exactly,tests/test_main_circuit_with_shunt_and_bridge.py,PASS,2026-08-11 closure continuation,"fresh-this-thread: direct pytest file verification, zero exit"
tests/test_main_circuit_with_shunt_and_bridge.py::test_bridge_flow_is_zero_when_closed,tests/test_main_circuit_with_shunt_and_bridge.py,PASS,2026-08-11 closure continuation,"fresh-this-thread: direct pytest file verification, zero exit"
tests/test_main_circuit_with_shunt_and_bridge.py::test_three_way_flow_sums_to_total,tests/test_main_circuit_with_shunt_and_bridge.py,PASS,2026-08-11 closure continuation,"fresh-this-thread: direct pytest file verification, zero exit"
tests/test_main_circuit_with_shunt_and_bridge.py::test_opening_bridge_increases_bridge_fraction_monotonically,tests/test_main_circuit_with_shunt_and_bridge.py,PASS,2026-08-11 closure continuation,"fresh-this-thread: direct pytest file verification, zero exit"
tests/test_main_circuit_with_shunt_and_bridge.py::test_opening_bridge_reduces_patient_fraction,tests/test_main_circuit_with_shunt_and_bridge.py,PASS,2026-08-11 closure continuation,"fresh-this-thread: direct pytest file verification, zero exit"
tests/test_main_circuit_with_shunt_and_bridge.py::test_fully_open_bridge_dominates_flow,tests/test_main_circuit_with_shunt_and_bridge.py,PASS,2026-08-11 closure continuation,"fresh-this-thread: direct pytest file verification, zero exit"
tests/test_main_circuit_with_shunt_and_bridge.py::test_zero_rpm_still_solves,tests/test_main_circuit_with_shunt_and_bridge.py,PASS,2026-08-11 closure continuation,"fresh-this-thread: direct pytest file verification, zero exit"
tests/test_main_circuit_with_shunt_and_bridge.py::test_module_does_not_import_patient_physiology_modules,tests/test_main_circuit_with_shunt_and_bridge.py,PASS,2026-08-11 closure continuation,"fresh-this-thread: direct pytest file verification, zero exit"
tests/test_native_physiology_async.py::test_async_normal_completion_commits_once,tests/test_native_physiology_async.py,PASS,2026-08-11 closure continuation,"fresh-this-thread: direct pytest file verification, zero exit"
tests/test_native_physiology_async.py::test_async_rapid_supersession_executes_only_active_and_latest_pending,tests/test_native_physiology_async.py,PASS,2026-08-11 closure continuation,"fresh-this-thread: direct pytest file verification, zero exit"
tests/test_native_physiology_async.py::test_workspace_freezes_simulation_time_while_native_equilibrium_updates,tests/test_native_physiology_async.py,PASS,2026-08-11 closure continuation,"fresh-this-thread: direct pytest file verification, zero exit"
tests/test_native_physiology_cache.py::test_repeated_snapshots_reuse_native_physiology,tests/test_native_physiology_cache.py,PASS,2026-08-11 closure continuation,"fresh-this-thread: direct pytest file verification, zero exit"
tests/test_native_physiology_cache.py::test_explicit_blood_loss_invalidates_native_physiology,tests/test_native_physiology_cache.py,PASS,2026-08-11 closure continuation,"fresh-this-thread: direct pytest file verification, zero exit"
tests/test_northstar_regression.py::test_synthetic_pump_fixture_affinity_behavior,tests/test_northstar_regression.py,PASS,2026-08-11 closure continuation,"fresh-this-thread: direct pytest file verification, zero exit"
tests/test_northstar_regression.py::test_accepted_northstar_snapshot_is_versioned_and_frozen,tests/test_northstar_regression.py,PASS,2026-08-11 closure continuation,"fresh-this-thread: direct pytest file verification, zero exit"
tests/test_oxygenator_hydraulics.py::test_zero_flow_gives_zero_delta_p,tests/test_oxygenator_hydraulics.py,PASS,2026-08-11 closure continuation,"fresh-this-thread: direct pytest file verification, zero exit"
tests/test_oxygenator_hydraulics.py::test_delta_p_increases_with_flow,tests/test_oxygenator_hydraulics.py,PASS,2026-08-11 closure continuation,"fresh-this-thread: direct pytest file verification, zero exit"
tests/test_oxygenator_hydraulics.py::test_obstruction_raises_delta_p_at_fixed_flow,tests/test_oxygenator_hydraulics.py,PASS,2026-08-11 closure continuation,"fresh-this-thread: direct pytest file verification, zero exit"
tests/test_oxygenator_hydraulics.py::test_obstruction_delta_p_is_monotonic_across_continuum,tests/test_oxygenator_hydraulics.py,PASS,2026-08-11 closure continuation,"fresh-this-thread: direct pytest file verification, zero exit"
tests/test_oxygenator_hydraulics.py::test_obstruction_fraction_is_clipped_near_full_occlusion_not_infinite,tests/test_oxygenator_hydraulics.py,PASS,2026-08-11 closure continuation,"fresh-this-thread: direct pytest file verification, zero exit"
tests/test_oxygenator_hydraulics.py::test_low_flow_exposure_accumulates_below_minimum_flow,tests/test_oxygenator_hydraulics.py,PASS,2026-08-11 closure continuation,"fresh-this-thread: direct pytest file verification, zero exit"
tests/test_oxygenator_hydraulics.py::test_low_flow_exposure_does_not_accumulate_at_or_above_minimum_flow,tests/test_oxygenator_hydraulics.py,PASS,2026-08-11 closure continuation,"fresh-this-thread: direct pytest file verification, zero exit"
tests/test_oxygenator_hydraulics.py::test_low_flow_exposure_does_not_reset_when_flow_recovers,tests/test_oxygenator_hydraulics.py,PASS,2026-08-11 closure continuation,"fresh-this-thread: direct pytest file verification, zero exit"
tests/test_oxygenator_hydraulics.py::test_low_flow_exposure_rejects_negative_dt,tests/test_oxygenator_hydraulics.py,PASS,2026-08-11 closure continuation,"fresh-this-thread: direct pytest file verification, zero exit"
tests/test_oxygenator_hydraulics.py::test_bench_sweep_returns_one_point_per_flow_step,tests/test_oxygenator_hydraulics.py,PASS,2026-08-11 closure continuation,"fresh-this-thread: direct pytest file verification, zero exit"
tests/test_oxygenator_hydraulics.py::test_oxygenator_module_does_not_import_patient_physiology_modules,tests/test_oxygenator_hydraulics.py,PASS,2026-08-11 closure continuation,"fresh-this-thread: direct pytest file verification, zero exit"
tests/test_patient_monitor_projection.py::test_patient_monitor_projection_is_read_only_view_of_workspace_snapshot,tests/test_patient_monitor_projection.py,PASS,2026-08-11 closure continuation,"fresh-this-thread: direct pytest file verification, zero exit"
tests/test_patient_monitor_projection.py::test_patient_monitor_does_not_invent_unintegrated_hr_or_temperature,tests/test_patient_monitor_projection.py,PASS,2026-08-11 closure continuation,"fresh-this-thread: direct pytest file verification, zero exit"
tests/test_patient_monitor_projection.py::test_patient_monitor_updates_from_same_dynamic_display_path,tests/test_patient_monitor_projection.py,PASS,2026-08-11 closure continuation,"fresh-this-thread: direct pytest file verification, zero exit"
tests/test_patient_monitor_projection.py::test_patient_monitor_exposes_fluid_and_renal_state_without_deriving_treatment_logic,tests/test_patient_monitor_projection.py,PASS,2026-08-11 closure continuation,"fresh-this-thread: direct pytest file verification, zero exit"
tests/test_patient_volume_ledger.py::test_weight_based_baseline_preserves_default_patient,tests/test_patient_volume_ledger.py,PASS,2026-08-11 closure continuation,"fresh-this-thread: direct pytest file verification, zero exit"
tests/test_patient_volume_ledger.py::test_weight_based_baseline_scales_with_weight,tests/test_patient_volume_ledger.py,PASS,2026-08-11 closure continuation,"fresh-this-thread: direct pytest file verification, zero exit"
tests/test_patient_volume_ledger.py::test_blood_input_and_loss_change_intravascular_volume,tests/test_patient_volume_ledger.py,PASS,2026-08-11 closure continuation,"fresh-this-thread: direct pytest file verification, zero exit"
tests/test_patient_volume_ledger.py::test_third_spacing_reduces_effective_venous_volume_not_measured_blood_volume,tests/test_patient_volume_ledger.py,PASS,2026-08-11 closure continuation,"fresh-this-thread: direct pytest file verification, zero exit"
tests/test_patient_volume_ledger.py::test_sampling_loss_is_tracked_separately,tests/test_patient_volume_ledger.py,PASS,2026-08-11 closure continuation,"fresh-this-thread: direct pytest file verification, zero exit"
tests/test_peep_co2_coupling.py::test_peep_does_not_cause_massive_hypocapnia,tests/test_peep_co2_coupling.py,PASS,prior continuation direct/bounded verification,carried-forward: START_HERE_PHASE6_HANDOFF_2026-08-11.md explicit direct/bounded zero-exit result
tests/test_peep_co2_coupling.py::test_peep_hemodynamic_effect_remains,tests/test_peep_co2_coupling.py,PASS,prior continuation direct/bounded verification,carried-forward: START_HERE_PHASE6_HANDOFF_2026-08-11.md explicit direct/bounded zero-exit result
tests/test_phase2d_ventilator.py::test_pressure_control_settings_validate_and_generate_pressure_waveform,tests/test_phase2d_ventilator.py,PASS,2026-08-11 closure continuation,"fresh-this-thread: direct pytest file verification, zero exit"
tests/test_phase2d_ventilator.py::test_pressure_control_drive_changes_real_lung_delivery,tests/test_phase2d_ventilator.py,PASS,2026-08-11 closure continuation,"fresh-this-thread: direct pytest file verification, zero exit"
tests/test_phase2d_ventilator.py::test_pressure_control_rate_is_integrated_not_gui_only,tests/test_phase2d_ventilator.py,PASS,2026-08-11 closure continuation,"fresh-this-thread: direct pytest file verification, zero exit"
tests/test_phase2d_ventilator.py::test_unified_patient_airway_port_owns_pressure_control_and_readback,tests/test_phase2d_ventilator.py,PASS,2026-08-11 closure continuation,"fresh-this-thread: direct pytest file verification, zero exit"
tests/test_phase2d_ventilator.py::test_workspace_ventilator_action_uses_authoritative_airway_and_events,tests/test_phase2d_ventilator.py,PASS,2026-08-11 closure continuation,"fresh-this-thread: direct pytest file verification, zero exit"
tests/test_phase2d_ventilator.py::test_pressure_control_fio2_reaches_coupled_gas_exchange,tests/test_phase2d_ventilator.py,PASS,2026-08-11 closure continuation,"fresh-this-thread: direct pytest file verification, zero exit"
tests/test_phase2d_ventilator.py::test_spawn_worker_request_reconstructs_pressure_control_from_primitive_cache_key,tests/test_phase2d_ventilator.py,PASS,2026-08-11 closure continuation,"fresh-this-thread: direct pytest file verification, zero exit"
tests/test_phase4_myocardial_dysfunction.py::test_lv_dysfunction_is_graded_and_statefully_reversible_in_unified_patient,tests/test_phase4_myocardial_dysfunction.py,PASS,prior continuation direct/bounded verification,carried-forward: START_HERE_PHASE6_HANDOFF_2026-08-11.md explicit direct/bounded zero-exit result
tests/test_phase4_myocardial_dysfunction.py::test_rv_dysfunction_reduces_forward_flow_and_raises_cvp,tests/test_phase4_myocardial_dysfunction.py,PASS,prior continuation direct/bounded verification,carried-forward: START_HERE_PHASE6_HANDOFF_2026-08-11.md explicit direct/bounded zero-exit result
tests/test_phase4_myocardial_dysfunction.py::test_severe_dysfunction_has_larger_effect_than_mild_reduction,tests/test_phase4_myocardial_dysfunction.py,PASS,prior continuation direct/bounded verification,carried-forward: START_HERE_PHASE6_HANDOFF_2026-08-11.md explicit direct/bounded zero-exit result
tests/test_phase4_myocardial_dysfunction.py::test_myocardial_function_is_a_registered_scenario_mechanism,tests/test_phase4_myocardial_dysfunction.py,PASS,prior continuation direct/bounded verification,carried-forward: START_HERE_PHASE6_HANDOFF_2026-08-11.md explicit direct/bounded zero-exit result
tests/test_phase4_myocardial_dysfunction.py::test_invalid_contractility_scale_is_rejected,tests/test_phase4_myocardial_dysfunction.py,PASS,prior continuation direct/bounded verification,carried-forward: START_HERE_PHASE6_HANDOFF_2026-08-11.md explicit direct/bounded zero-exit result
tests/test_phase4_myocardial_dysfunction.py::test_native_worker_reconstructs_nondefault_myocardial_function,tests/test_phase4_myocardial_dysfunction.py,PASS,prior continuation direct/bounded verification,carried-forward: START_HERE_PHASE6_HANDOFF_2026-08-11.md explicit direct/bounded zero-exit result
tests/test_phase5_positioning.py::test_learner_workspace_declares_simulation_training_positioning,tests/test_phase5_positioning.py,PASS,2026-08-11 closure continuation,"fresh-this-thread: direct pytest file verification, zero exit"
tests/test_phase5b_ux_policy.py::test_ecmo_shortcuts_are_only_active_on_ecmo_page,tests/test_phase5b_ux_policy.py,PASS,2026-08-11 closure continuation,"fresh-this-thread: direct pytest file verification, zero exit"
tests/test_phase5b_ux_policy.py::test_ecmo_shortcuts_are_suppressed_while_editing,tests/test_phase5b_ux_policy.py,PASS,2026-08-11 closure continuation,"fresh-this-thread: direct pytest file verification, zero exit"
tests/test_phase5b_ux_policy.py::test_latency_banner_is_explicit_about_simulation_time_pause,tests/test_phase5b_ux_policy.py,PASS,2026-08-11 closure continuation,"fresh-this-thread: direct pytest file verification, zero exit"
tests/test_phase5b_ux_policy.py::test_current_alarm_boundary_is_disclosed_as_simulator_advisories,tests/test_phase5b_ux_policy.py,PASS,2026-08-11 closure continuation,"fresh-this-thread: direct pytest file verification, zero exit"
tests/test_phase5c_validation_queue.py::test_validation_queue_covers_all_current_cbc_json_contracts_once,tests/test_phase5c_validation_queue.py,PASS,2026-08-11 closure continuation,"fresh-this-thread: direct pytest file verification, zero exit"
tests/test_phase5c_validation_queue.py::test_validation_queue_prioritizes_learner_operable_contracts_first,tests/test_phase5c_validation_queue.py,PASS,2026-08-11 closure continuation,"fresh-this-thread: direct pytest file verification, zero exit"
tests/test_phase5c_validation_queue.py::test_validation_queue_is_explicitly_not_the_status_authority,tests/test_phase5c_validation_queue.py,PASS,2026-08-11 closure continuation,"fresh-this-thread: direct pytest file verification, zero exit"
tests/test_phase5c_validation_queue.py::test_every_validation_item_has_questions_evidence_boundary_and_gate,tests/test_phase5c_validation_queue.py,PASS,2026-08-11 closure continuation,"fresh-this-thread: direct pytest file verification, zero exit"
tests/test_phase5d_cbc01_evidence_packet.py::test_cbc01_evidence_packet_exists_and_preserves_expert_gate,tests/test_phase5d_cbc01_evidence_packet.py,PASS,2026-08-11 closure continuation,"fresh-this-thread: direct pytest file verification, zero exit"
tests/test_phase5d_cbc01_evidence_packet.py::test_living_matrix_points_to_cbc01_evidence_packet,tests/test_phase5d_cbc01_evidence_packet.py,PASS,2026-08-11 closure continuation,"fresh-this-thread: direct pytest file verification, zero exit"
tests/test_phase5d_cbc01_evidence_packet.py::test_matrix_csv_json_mirror_for_cbc01_status,tests/test_phase5d_cbc01_evidence_packet.py,PASS,2026-08-11 closure continuation,"fresh-this-thread: direct pytest file verification, zero exit"
tests/test_phase5d_cbc01_evidence_packet.py::test_validation_queue_points_to_packet_without_becoming_status_authority,tests/test_phase5d_cbc01_evidence_packet.py,PASS,2026-08-11 closure continuation,"fresh-this-thread: direct pytest file verification, zero exit"
tests/test_phase5d_cbc01_evidence_packet.py::test_original_fix_map_remains_present_and_status_overlay_is_separate,tests/test_phase5d_cbc01_evidence_packet.py,PASS,2026-08-11 closure continuation,"fresh-this-thread: direct pytest file verification, zero exit"
tests/test_phase5d_cbc02_evidence_packet.py::test_cbc02_evidence_packet_exists_and_preserves_expert_gate,tests/test_phase5d_cbc02_evidence_packet.py,PASS,2026-08-11 closure continuation,"fresh-this-thread: direct pytest file verification, zero exit"
tests/test_phase5d_cbc02_evidence_packet.py::test_cbc02_contract_carries_residual_gas_transient_caveat,tests/test_phase5d_cbc02_evidence_packet.py,PASS,2026-08-11 closure continuation,"fresh-this-thread: direct pytest file verification, zero exit"
tests/test_phase5d_cbc02_evidence_packet.py::test_living_matrix_points_to_cbc02_evidence_packet,tests/test_phase5d_cbc02_evidence_packet.py,PASS,2026-08-11 closure continuation,"fresh-this-thread: direct pytest file verification, zero exit"
tests/test_phase5d_cbc02_evidence_packet.py::test_matrix_csv_json_mirror_for_cbc02_status,tests/test_phase5d_cbc02_evidence_packet.py,PASS,2026-08-11 closure continuation,"fresh-this-thread: direct pytest file verification, zero exit"
tests/test_phase5d_cbc02_evidence_packet.py::test_validation_queue_points_to_cbc02_packet_without_becoming_status_authority,tests/test_phase5d_cbc02_evidence_packet.py,PASS,2026-08-11 closure continuation,"fresh-this-thread: direct pytest file verification, zero exit"
tests/test_phase5d_cbc02_evidence_packet.py::test_fix_map_remains_untouched_and_overlay_tracks_phase5d,tests/test_phase5d_cbc02_evidence_packet.py,PASS,2026-08-11 closure continuation,"fresh-this-thread: direct pytest file verification, zero exit"
tests/test_phase5d_cbc06_evidence_packet.py::test_cbc06_evidence_packet_exists_and_preserves_expert_gate,tests/test_phase5d_cbc06_evidence_packet.py,PASS,2026-08-11 closure continuation,"fresh-this-thread: direct pytest file verification, zero exit"
tests/test_phase5d_cbc06_evidence_packet.py::test_cbc06_contract_reflects_phase2b_controls_without_behavior_change,tests/test_phase5d_cbc06_evidence_packet.py,PASS,2026-08-11 closure continuation,"fresh-this-thread: direct pytest file verification, zero exit"
tests/test_phase5d_cbc06_evidence_packet.py::test_living_matrix_points_to_cbc06_evidence_packet_and_direct_controls,tests/test_phase5d_cbc06_evidence_packet.py,PASS,2026-08-11 closure continuation,"fresh-this-thread: direct pytest file verification, zero exit"
tests/test_phase5d_cbc06_evidence_packet.py::test_matrix_csv_json_mirror_for_cbc06_status,tests/test_phase5d_cbc06_evidence_packet.py,PASS,2026-08-11 closure continuation,"fresh-this-thread: direct pytest file verification, zero exit"
tests/test_phase5d_cbc06_evidence_packet.py::test_validation_queue_points_to_cbc06_packet_without_becoming_status_authority,tests/test_phase5d_cbc06_evidence_packet.py,PASS,2026-08-11 closure continuation,"fresh-this-thread: direct pytest file verification, zero exit"
tests/test_phase5d_cbc06_evidence_packet.py::test_fix_map_remains_untouched_and_overlay_tracks_cbc06,tests/test_phase5d_cbc06_evidence_packet.py,PASS,2026-08-11 closure continuation,"fresh-this-thread: direct pytest file verification, zero exit"
tests/test_phase5d_cbc07_evidence_packet.py::test_cbc07_evidence_packet_exists_and_preserves_expert_gate,tests/test_phase5d_cbc07_evidence_packet.py,PASS,2026-08-11 closure continuation,"fresh-this-thread: direct pytest file verification, zero exit"
tests/test_phase5d_cbc07_evidence_packet.py::test_cbc07_contract_reflects_phase2d_controls_and_nonuniversal_scope,tests/test_phase5d_cbc07_evidence_packet.py,PASS,2026-08-11 closure continuation,"fresh-this-thread: direct pytest file verification, zero exit"
tests/test_phase5d_cbc07_evidence_packet.py::test_living_matrix_points_to_cbc07_packet_and_direct_controls,tests/test_phase5d_cbc07_evidence_packet.py,PASS,2026-08-11 closure continuation,"fresh-this-thread: direct pytest file verification, zero exit"
tests/test_phase5d_cbc07_evidence_packet.py::test_matrix_csv_json_mirror_for_cbc07_status,tests/test_phase5d_cbc07_evidence_packet.py,PASS,2026-08-11 closure continuation,"fresh-this-thread: direct pytest file verification, zero exit"
tests/test_phase5d_cbc07_evidence_packet.py::test_validation_queue_cbc01_cbc02_cbc07_statuses_are_consistent,tests/test_phase5d_cbc07_evidence_packet.py,PASS,2026-08-11 closure continuation,"fresh-this-thread: direct pytest file verification, zero exit"
tests/test_phase5d_cbc07_evidence_packet.py::test_fix_map_remains_untouched_and_overlay_tracks_cbc07,tests/test_phase5d_cbc07_evidence_packet.py,PASS,2026-08-11 closure continuation,"fresh-this-thread: direct pytest file verification, zero exit"
tests/test_phase5d_cbc08_evidence_packet.py::test_cbc08_evidence_packet_exists_and_preserves_expert_gate,tests/test_phase5d_cbc08_evidence_packet.py,PASS,2026-08-11 closure continuation,"fresh-this-thread: direct pytest file verification, zero exit"
tests/test_phase5d_cbc08_evidence_packet.py::test_cbc08_contract_adds_evidence_scope_without_changing_behavior_fixture,tests/test_phase5d_cbc08_evidence_packet.py,PASS,2026-08-11 closure continuation,"fresh-this-thread: direct pytest file verification, zero exit"
tests/test_phase5d_cbc08_evidence_packet.py::test_living_matrix_points_to_cbc08_packet_and_direct_controls,tests/test_phase5d_cbc08_evidence_packet.py,PASS,2026-08-11 closure continuation,"fresh-this-thread: direct pytest file verification, zero exit"
tests/test_phase5d_cbc08_evidence_packet.py::test_matrix_csv_json_mirror_for_cbc08_status,tests/test_phase5d_cbc08_evidence_packet.py,PASS,2026-08-11 closure continuation,"fresh-this-thread: direct pytest file verification, zero exit"
tests/test_phase5d_cbc08_evidence_packet.py::test_validation_queue_points_to_cbc08_packet_without_becoming_status_authority,tests/test_phase5d_cbc08_evidence_packet.py,PASS,2026-08-11 closure continuation,"fresh-this-thread: direct pytest file verification, zero exit"
tests/test_phase5d_cbc08_evidence_packet.py::test_fix_map_remains_untouched_and_overlay_tracks_cbc08,tests/test_phase5d_cbc08_evidence_packet.py,PASS,2026-08-11 closure continuation,"fresh-this-thread: direct pytest file verification, zero exit"
tests/test_phase5d_cbc09_evidence_packet.py::test_cbc09_evidence_packet_exists_and_preserves_expert_gate,tests/test_phase5d_cbc09_evidence_packet.py,PASS,2026-08-11 closure continuation,"fresh-this-thread: direct pytest file verification, zero exit"
tests/test_phase5d_cbc09_evidence_packet.py::test_cbc09_contract_adds_evidence_scope_without_changing_behavior_fixture,tests/test_phase5d_cbc09_evidence_packet.py,PASS,2026-08-11 closure continuation,"fresh-this-thread: direct pytest file verification, zero exit"
tests/test_phase5d_cbc09_evidence_packet.py::test_living_matrix_marks_cbc09_evidence_complete_and_csv_mirrors_json,tests/test_phase5d_cbc09_evidence_packet.py,PASS,2026-08-11 closure continuation,"fresh-this-thread: direct pytest file verification, zero exit"
tests/test_phase5d_cbc09_evidence_packet.py::test_validation_queue_marks_cbc09_packet_complete_in_json_and_markdown,tests/test_phase5d_cbc09_evidence_packet.py,PASS,2026-08-11 closure continuation,"fresh-this-thread: direct pytest file verification, zero exit"
tests/test_phase5d_cbc09_evidence_packet.py::test_roadmap_advances_next_priority_a_packet_to_cbc10,tests/test_phase5d_cbc09_evidence_packet.py,PASS,2026-08-11 closure continuation,"fresh-this-thread: direct pytest file verification, zero exit"
tests/test_phase5d_cbc09_evidence_packet.py::test_original_fix_map_v4_remains_present_and_unmodified_by_status_overlay_model,tests/test_phase5d_cbc09_evidence_packet.py,PASS,2026-08-11 closure continuation,"fresh-this-thread: direct pytest file verification, zero exit"
tests/test_phase5d_cbc10_evidence_packet.py::test_cbc10_evidence_packet_exists_and_preserves_expert_gate,tests/test_phase5d_cbc10_evidence_packet.py,PASS,2026-08-11 closure continuation,"fresh-this-thread: direct pytest file verification, zero exit"
tests/test_phase5d_cbc10_evidence_packet.py::test_cbc10_contract_adds_evidence_scope_without_changing_behavior_fixture,tests/test_phase5d_cbc10_evidence_packet.py,PASS,2026-08-11 closure continuation,"fresh-this-thread: direct pytest file verification, zero exit"
tests/test_phase5d_cbc10_evidence_packet.py::test_living_matrix_marks_cbc10_evidence_complete_and_csv_mirrors_json,tests/test_phase5d_cbc10_evidence_packet.py,PASS,2026-08-11 closure continuation,"fresh-this-thread: direct pytest file verification, zero exit"
tests/test_phase5d_cbc10_evidence_packet.py::test_validation_queue_marks_cbc10_packet_complete_in_json_and_markdown,tests/test_phase5d_cbc10_evidence_packet.py,PASS,2026-08-11 closure continuation,"fresh-this-thread: direct pytest file verification, zero exit"
tests/test_phase5d_cbc10_evidence_packet.py::test_all_priority_a_items_now_have_evidence_packets_complete,tests/test_phase5d_cbc10_evidence_packet.py,PASS,2026-08-11 closure continuation,"fresh-this-thread: direct pytest file verification, zero exit"
tests/test_phase5d_cbc10_evidence_packet.py::test_roadmap_closes_priority_a_evidence_pass_without_rewriting_fix_map,tests/test_phase5d_cbc10_evidence_packet.py,PASS,2026-08-11 closure continuation,"fresh-this-thread: direct pytest file verification, zero exit"
tests/test_phase5d_single_reviewer_clinical_review.py::test_all_current_cbcs_have_single_reviewer_clinical_review,tests/test_phase5d_single_reviewer_clinical_review.py,PASS,2026-08-11 closure continuation,"fresh-this-thread: direct pytest file verification, zero exit"
tests/test_phase5d_single_reviewer_clinical_review.py::test_status_strings_cannot_claim_single_reviewer_without_also_flagging_independent_review_pending,tests/test_phase5d_single_reviewer_clinical_review.py,PASS,2026-08-11 closure continuation,"fresh-this-thread: direct pytest file verification, zero exit"
tests/test_phase5d_single_reviewer_clinical_review.py::test_expert_review_does_not_unblock_missing_mechanisms,tests/test_phase5d_single_reviewer_clinical_review.py,PASS,2026-08-11 closure continuation,"fresh-this-thread: direct pytest file verification, zero exit"
tests/test_phase5d_single_reviewer_clinical_review.py::test_historical_evidence_packets_are_not_rewritten_as_if_they_had_independent_signoff,tests/test_phase5d_single_reviewer_clinical_review.py,PASS,2026-08-11 closure continuation,"fresh-this-thread: direct pytest file verification, zero exit"
tests/test_phase5e_external_review_readiness.py::test_external_review_checklist_covers_all_current_cbcs_exactly_once,tests/test_phase5e_external_review_readiness.py,PASS,2026-08-11 closure continuation,"fresh-this-thread: direct pytest file verification, zero exit"
tests/test_phase5e_external_review_readiness.py::test_priority_distribution_and_evidence_links_are_truthful,tests/test_phase5e_external_review_readiness.py,PASS,2026-08-11 closure continuation,"fresh-this-thread: direct pytest file verification, zero exit"
tests/test_phase5e_external_review_readiness.py::test_all_independent_dispositions_are_pending_and_gate_is_blocked,tests/test_phase5e_external_review_readiness.py,PASS,2026-08-11 closure continuation,"fresh-this-thread: direct pytest file verification, zero exit"
tests/test_phase5e_external_review_readiness.py::test_single_reviewer_provenance_is_not_relabelled_as_independent,tests/test_phase5e_external_review_readiness.py,PASS,2026-08-11 closure continuation,"fresh-this-thread: direct pytest file verification, zero exit"
tests/test_phase5e_external_review_readiness.py::test_capability_matrix_contains_review_readiness_and_go_live_block_rows,tests/test_phase5e_external_review_readiness.py,PASS,2026-08-11 closure continuation,"fresh-this-thread: direct pytest file verification, zero exit"
tests/test_phase5e_external_review_readiness.py::test_packet_surfaces_all_strictly_blocked_capability_rows,tests/test_phase5e_external_review_readiness.py,PASS,2026-08-11 closure continuation,"fresh-this-thread: direct pytest file verification, zero exit"
tests/test_phase5e_external_review_readiness.py::test_capability_matrix_csv_and_json_have_same_rows,tests/test_phase5e_external_review_readiness.py,PASS,2026-08-11 closure continuation,"fresh-this-thread: direct pytest file verification, zero exit"
tests/test_phase5e_external_review_readiness.py::test_roadmap_marks_phase5e_readiness_complete_but_external_review_pending,tests/test_phase5e_external_review_readiness.py,PASS,2026-08-11 closure continuation,"fresh-this-thread: direct pytest file verification, zero exit"
tests/test_phase5f_commercial_review_readiness.py::test_claims_inventory_keeps_all_external_clearances_pending,tests/test_phase5f_commercial_review_readiness.py,PASS,2026-08-11 closure continuation,"fresh-this-thread: direct pytest file verification, zero exit"
tests/test_phase5f_commercial_review_readiness.py::test_training_only_intended_use_and_nonclaims_are_explicit,tests/test_phase5f_commercial_review_readiness.py,PASS,2026-08-11 closure continuation,"fresh-this-thread: direct pytest file verification, zero exit"
tests/test_phase5f_commercial_review_readiness.py::test_official_source_inventory_contains_expected_authorities,tests/test_phase5f_commercial_review_readiness.py,PASS,2026-08-11 closure continuation,"fresh-this-thread: direct pytest file verification, zero exit"
tests/test_phase5f_commercial_review_readiness.py::test_capability_matrix_records_readiness_and_pending_clearance_gate,tests/test_phase5f_commercial_review_readiness.py,PASS,2026-08-11 closure continuation,"fresh-this-thread: direct pytest file verification, zero exit"
tests/test_phase5f_commercial_review_readiness.py::test_matrix_csv_json_mirror_after_phase5f,tests/test_phase5f_commercial_review_readiness.py,PASS,2026-08-11 closure continuation,"fresh-this-thread: direct pytest file verification, zero exit"
tests/test_phase5f_commercial_review_readiness.py::test_phase5f_does_not_claim_a_formal_conclusion,tests/test_phase5f_commercial_review_readiness.py,PASS,2026-08-11 closure continuation,"fresh-this-thread: direct pytest file verification, zero exit"
tests/test_phase5g_release_documentation.py::test_readme_describes_current_integrated_simulator_not_old_v03_front_door,tests/test_phase5g_release_documentation.py,PASS,2026-08-11 closure continuation,"fresh-this-thread: direct pytest file verification, zero exit"
tests/test_phase5g_release_documentation.py::test_pyproject_version_and_description_are_current,tests/test_phase5g_release_documentation.py,PASS,2026-08-11 closure continuation,"fresh-this-thread: direct pytest file verification, zero exit"
tests/test_phase5g_release_documentation.py::test_release_checklist_marks_internal_complete_but_external_gate_blocked,tests/test_phase5g_release_documentation.py,PASS,2026-08-11 closure continuation,"fresh-this-thread: direct pytest file verification, zero exit"
tests/test_phase5g_release_documentation.py::test_capability_matrix_records_phase5g_and_mirrors_csv,tests/test_phase5g_release_documentation.py,PASS,2026-08-11 closure continuation,"fresh-this-thread: direct pytest file verification, zero exit"
tests/test_phase5g_release_documentation.py::test_roadmap_states_internal_work_complete_with_external_dependencies_open,tests/test_phase5g_release_documentation.py,PASS,2026-08-11 closure continuation,"fresh-this-thread: direct pytest file verification, zero exit"
tests/test_post_oxygenator_cdi.py::test_po2_conversion_increases_with_saturation,tests/test_post_oxygenator_cdi.py,PASS,2026-08-11 closure continuation,"fresh-this-thread: direct pytest file verification, zero exit"
tests/test_post_oxygenator_cdi.py::test_oxygenator_exposes_explicit_post_oxy_po2,tests/test_post_oxygenator_cdi.py,PASS,2026-08-11 closure continuation,"fresh-this-thread: direct pytest file verification, zero exit"
tests/test_post_oxygenator_cdi.py::test_post_oxy_cdi_reads_true_blood_when_valid,tests/test_post_oxygenator_cdi.py,PASS,2026-08-11 closure continuation,"fresh-this-thread: direct pytest file verification, zero exit"
tests/test_post_oxygenator_cdi.py::test_post_oxy_cdi_can_be_invalid_without_erasing_truth,tests/test_post_oxygenator_cdi.py,PASS,2026-08-11 closure continuation,"fresh-this-thread: direct pytest file verification, zero exit"
tests/test_post_oxygenator_cdi.py::test_console_keeps_post_oxy_truth_and_sensor_separate,tests/test_post_oxygenator_cdi.py,PASS,2026-08-11 closure continuation,"fresh-this-thread: direct pytest file verification, zero exit"
tests/test_post_oxygenator_cdi.py::test_post_oxy_po2_responds_to_fdo2,tests/test_post_oxygenator_cdi.py,PASS,2026-08-11 closure continuation,"fresh-this-thread: direct pytest file verification, zero exit"
tests/test_pump_head_bench.py::test_zero_rpm_creates_no_head_at_any_flow,tests/test_pump_head_bench.py,PASS,2026-08-11 closure continuation,"fresh-this-thread: direct pytest file verification, zero exit"
tests/test_pump_head_bench.py::test_increasing_rpm_increases_available_head_at_fixed_flow,tests/test_pump_head_bench.py,PASS,2026-08-11 closure continuation,"fresh-this-thread: direct pytest file verification, zero exit"
tests/test_pump_head_bench.py::test_increasing_resistance_lowers_flow,tests/test_pump_head_bench.py,PASS,2026-08-11 closure continuation,"fresh-this-thread: direct pytest file verification, zero exit"
tests/test_pump_head_bench.py::test_higher_outlet_pressure_lowers_flow,tests/test_pump_head_bench.py,PASS,2026-08-11 closure continuation,"fresh-this-thread: direct pytest file verification, zero exit"
tests/test_pump_head_bench.py::test_lower_inlet_pressure_lowers_flow_and_more_negative_p1,tests/test_pump_head_bench.py,PASS,2026-08-11 closure continuation,"fresh-this-thread: direct pytest file verification, zero exit"
tests/test_pump_head_bench.py::test_same_rpm_can_produce_multiple_flows_under_different_conditions,tests/test_pump_head_bench.py,PASS,2026-08-11 closure continuation,"fresh-this-thread: direct pytest file verification, zero exit"
tests/test_pump_head_bench.py::test_solver_stable_across_neonatal_low_flow_range,tests/test_pump_head_bench.py,PASS,2026-08-11 closure continuation,"fresh-this-thread: direct pytest file verification, zero exit"
tests/test_pump_head_bench.py::test_rpm_alone_does_not_determine_flow_without_boundary_conditions,tests/test_pump_head_bench.py,PASS,2026-08-11 closure continuation,"fresh-this-thread: direct pytest file verification, zero exit"
tests/test_pump_head_bench.py::test_pump_curve_is_a_separate_replaceable_parameter_object,tests/test_pump_head_bench.py,PASS,2026-08-11 closure continuation,"fresh-this-thread: direct pytest file verification, zero exit"
tests/test_pump_head_bench.py::test_neoecmo_does_not_import_patient_physiology_modules,tests/test_pump_head_bench.py,PASS,2026-08-11 closure continuation,"fresh-this-thread: direct pytest file verification, zero exit"
tests/test_pump_head_bench.py::test_patient_physiology_modules_do_not_import_neoecmo,tests/test_pump_head_bench.py,PASS,2026-08-11 closure continuation,"fresh-this-thread: direct pytest file verification, zero exit"
tests/test_pump_head_bench.py::test_bench_sweep_returns_one_point_per_rpm_step,tests/test_pump_head_bench.py,PASS,2026-08-11 closure continuation,"fresh-this-thread: direct pytest file verification, zero exit"
tests/test_ready_scenario_catalog.py::test_supported_registry_contains_only_current_ready_mutations,tests/test_ready_scenario_catalog.py,PASS,2026-08-11 closure continuation,"fresh-this-thread: direct pytest file verification, zero exit"
tests/test_ready_scenario_catalog.py::test_ready_observation_registry_registers_six_matrix_approved_providers,tests/test_ready_scenario_catalog.py,PASS,2026-08-11 closure continuation,"fresh-this-thread: direct pytest file verification, zero exit"
tests/test_ready_scenario_catalog.py::test_observation_is_frozen_and_does_not_change_after_patient_mutates,tests/test_ready_scenario_catalog.py,PASS,2026-08-11 closure continuation,"fresh-this-thread: direct pytest file verification, zero exit"
tests/test_ready_scenario_catalog.py::test_dynamic_ready_observations_expose_authoritative_state_without_diagnosis_inference,tests/test_ready_scenario_catalog.py,PASS,2026-08-11 closure continuation,"fresh-this-thread: direct pytest file verification, zero exit"
tests/test_ready_scenario_catalog.py::test_scenario_validation_checks_observation_providers,tests/test_ready_scenario_catalog.py,PASS,2026-08-11 closure continuation,"fresh-this-thread: direct pytest file verification, zero exit"
tests/test_ready_scenario_catalog.py::test_lowflow_hypovolemia_family_definition_maps_only_to_ready_capabilities,tests/test_ready_scenario_catalog.py,PASS,2026-08-11 closure continuation,"fresh-this-thread: direct pytest file verification, zero exit"
tests/test_ready_scenario_catalog.py::test_lowflow_hypovolemia_family_end_to_end_observe_treat_resolve_restore,tests/test_ready_scenario_catalog.py,PASS,2026-08-11 closure continuation,"fresh-this-thread: direct pytest file verification, zero exit"
tests/test_ready_scenario_catalog.py::test_supported_fault_catalog_contains_only_hypovolemia_core_fault,tests/test_ready_scenario_catalog.py,PASS,2026-08-11 closure continuation,"fresh-this-thread: direct pytest file verification, zero exit"
tests/test_ready_scenario_catalog.py::test_scenario_with_observations_requires_observation_registry_in_preflight,tests/test_ready_scenario_catalog.py,PASS,2026-08-11 closure continuation,"fresh-this-thread: direct pytest file verification, zero exit"
tests/test_reintegrated_peep_co2.py::test_reintegrated_peep_co2_stays_plausible,tests/test_reintegrated_peep_co2.py,PASS,2026-08-11 closure continuation,"fresh-this-thread: direct pytest file verification, zero exit"
tests/test_reintegrated_peep_co2.py::test_reintegrated_lower_flow_does_not_improve_co2_clearance_artificially,tests/test_reintegrated_peep_co2.py,PASS,2026-08-11 closure continuation,"fresh-this-thread: direct pytest file verification, zero exit"
tests/test_renal_therapy.py::test_diuretic_increases_urine,tests/test_renal_therapy.py,PASS,2026-08-11 closure continuation,"fresh-this-thread: direct pytest file verification, zero exit"
tests/test_renal_therapy.py::test_fluid_input_positive_balance,tests/test_renal_therapy.py,PASS,2026-08-11 closure continuation,"fresh-this-thread: direct pytest file verification, zero exit"
tests/test_renal_therapy.py::test_external_fluid_removal_negative_balance,tests/test_renal_therapy.py,PASS,2026-08-11 closure continuation,"fresh-this-thread: direct pytest file verification, zero exit"
tests/test_renal_therapy.py::test_vasoconstriction_reduces_rbf,tests/test_renal_therapy.py,PASS,2026-08-11 closure continuation,"fresh-this-thread: direct pytest file verification, zero exit"
tests/test_renal_therapy.py::test_reduced_function_reduces_urine,tests/test_renal_therapy.py,PASS,2026-08-11 closure continuation,"fresh-this-thread: direct pytest file verification, zero exit"
tests/test_renal_volume_guardrail.py::test_volume_depletion_progressively_suppresses_urine,tests/test_renal_volume_guardrail.py,PASS,2026-08-11 closure continuation,"fresh-this-thread: direct pytest file verification, zero exit"
tests/test_renal_volume_guardrail.py::test_diuretic_cannot_override_severe_volume_depletion,tests/test_renal_volume_guardrail.py,PASS,2026-08-11 closure continuation,"fresh-this-thread: direct pytest file verification, zero exit"
tests/test_renal_volume_guardrail.py::test_near_anuria_at_critical_depletion,tests/test_renal_volume_guardrail.py,PASS,2026-08-11 closure continuation,"fresh-this-thread: direct pytest file verification, zero exit"
tests/test_renal_volume_guardrail.py::test_recovery_restores_urine,tests/test_renal_volume_guardrail.py,PASS,2026-08-11 closure continuation,"fresh-this-thread: direct pytest file verification, zero exit"
tests/test_scenario_determinism_guardrail.py::test_no_uncontrolled_random_imports_in_src,tests/test_scenario_determinism_guardrail.py,PASS,2026-08-11 closure continuation,"fresh-this-thread: direct pytest file verification, zero exit"
tests/test_scenario_log_phase2e.py::test_scenario_log_projects_events_in_append_order_with_simulation_time,tests/test_scenario_log_phase2e.py,PASS,2026-08-11 closure continuation,"fresh-this-thread: direct pytest file verification, zero exit"
tests/test_scenario_log_phase2e.py::test_scenario_log_uses_tier_a_disclosure_and_hides_internal_diagnosis_events,tests/test_scenario_log_phase2e.py,PASS,2026-08-11 closure continuation,"fresh-this-thread: direct pytest file verification, zero exit"
tests/test_scenario_log_phase2e.py::test_scenario_log_is_read_only_and_does_not_change_authoritative_stream,tests/test_scenario_log_phase2e.py,PASS,2026-08-11 closure continuation,"fresh-this-thread: direct pytest file verification, zero exit"
tests/test_scenario_primitives.py::test_seeded_rng_is_reproducible,tests/test_scenario_primitives.py,PASS,2026-08-11 closure continuation,"fresh-this-thread: direct pytest file verification, zero exit"
tests/test_scenario_primitives.py::test_scenario_definition_rejects_duplicate_action_ids,tests/test_scenario_primitives.py,PASS,2026-08-11 closure continuation,"fresh-this-thread: direct pytest file verification, zero exit"
tests/test_scenario_primitives.py::test_unavailable_mechanism_is_explicit_and_does_not_call_handler,tests/test_scenario_primitives.py,PASS,2026-08-11 closure continuation,"fresh-this-thread: direct pytest file verification, zero exit"
tests/test_scenario_primitives.py::test_elapsed_step_calls_registered_mechanism_once,tests/test_scenario_primitives.py,PASS,2026-08-11 closure continuation,"fresh-this-thread: direct pytest file verification, zero exit"
tests/test_scenario_primitives.py::test_event_trigger_can_chain_deterministically,tests/test_scenario_primitives.py,PASS,2026-08-11 closure continuation,"fresh-this-thread: direct pytest file verification, zero exit"
tests/test_scenario_primitives.py::test_manual_step_does_not_autofire,tests/test_scenario_primitives.py,PASS,2026-08-11 closure continuation,"fresh-this-thread: direct pytest file verification, zero exit"
tests/test_scenario_primitives.py::test_real_volume_mechanism_uses_patient_volume_ledger,tests/test_scenario_primitives.py,PASS,2026-08-11 closure continuation,"fresh-this-thread: direct pytest file verification, zero exit"
tests/test_scenario_primitives.py::test_fault_activation_still_crosses_mechanism_registry,tests/test_scenario_primitives.py,PASS,2026-08-11 closure continuation,"fresh-this-thread: direct pytest file verification, zero exit"
tests/test_scenario_primitives.py::test_repeatable_automatic_step_is_rejected_until_recurrence_semantics_exist,tests/test_scenario_primitives.py,PASS,2026-08-11 closure continuation,"fresh-this-thread: direct pytest file verification, zero exit"
tests/test_scenario_primitives.py::test_repeatable_manual_step_can_be_fired_more_than_once,tests/test_scenario_primitives.py,PASS,2026-08-11 closure continuation,"fresh-this-thread: direct pytest file verification, zero exit"
tests/test_scenario_primitives.py::test_definition_validation_reports_partial_and_missing_mechanisms,tests/test_scenario_primitives.py,PASS,2026-08-11 closure continuation,"fresh-this-thread: direct pytest file verification, zero exit"
tests/test_scenario_primitives.py::test_scenario_engine_exposes_definition_validation_issues,tests/test_scenario_primitives.py,PASS,2026-08-11 closure continuation,"fresh-this-thread: direct pytest file verification, zero exit"
tests/test_scenario_primitives.py::test_real_ecmo_control_mechanisms_set_rpm_and_sweep_without_setting_flow,tests/test_scenario_primitives.py,PASS,2026-08-11 closure continuation,"fresh-this-thread: direct pytest file verification, zero exit"
tests/test_scenario_primitives.py::test_action_definitions_reject_executable_or_nonportable_parameters,tests/test_scenario_primitives.py,PASS,2026-08-11 closure continuation,"fresh-this-thread: direct pytest file verification, zero exit"
tests/test_scenario_primitives.py::test_action_definition_parameters_are_deeply_immutable_data,tests/test_scenario_primitives.py,PASS,2026-08-11 closure continuation,"fresh-this-thread: direct pytest file verification, zero exit"
tests/test_scenario_primitives.py::test_event_trigger_ignores_matching_history_from_before_scenario_start,tests/test_scenario_primitives.py,PASS,2026-08-11 closure continuation,"fresh-this-thread: direct pytest file verification, zero exit"
tests/test_standalone_lung_peep_co2.py::test_peep_only_modestly_changes_co2_at_fixed_perfusion,tests/test_standalone_lung_peep_co2.py,PASS,2026-08-11 closure continuation,"fresh-this-thread: direct pytest file verification, zero exit"
tests/test_standalone_lung_peep_co2.py::test_lower_pulmonary_perfusion_reduces_co2_clearance,tests/test_standalone_lung_peep_co2.py,PASS,2026-08-11 closure continuation,"fresh-this-thread: direct pytest file verification, zero exit"
tests/test_standalone_lung_peep_co2.py::test_static_peep_does_not_create_artificial_hyperventilation,tests/test_standalone_lung_peep_co2.py,PASS,2026-08-11 closure continuation,"fresh-this-thread: direct pytest file verification, zero exit"
tests/test_tier_a_orchestration.py::test_snapshot_restore_preserves_fired_trigger_and_prevents_duplicate_release,tests/test_tier_a_orchestration.py,PASS,2026-08-11 closure continuation,"fresh-this-thread: direct pytest file verification, zero exit"
tests/test_tier_a_orchestration.py::test_director_separates_eligibility_from_release_and_respects_concurrency,tests/test_tier_a_orchestration.py,PASS,2026-08-11 closure continuation,"fresh-this-thread: direct pytest file verification, zero exit"
tests/test_tier_a_orchestration.py::test_time_in_state_uses_state_entry_not_event_creation_time,tests/test_tier_a_orchestration.py,PASS,2026-08-11 closure continuation,"fresh-this-thread: direct pytest file verification, zero exit"
tests/test_tier_a_orchestration.py::test_learner_disclosure_hides_internal_diagnosis_but_instructor_retains_it,tests/test_tier_a_orchestration.py,PASS,2026-08-11 closure continuation,"fresh-this-thread: direct pytest file verification, zero exit"
tests/test_tier_a_orchestration.py::test_learner_disclosure_normalizes_internal_scenario_engine_source_tag,tests/test_tier_a_orchestration.py,PASS,2026-08-11 closure continuation,"fresh-this-thread: direct pytest file verification, zero exit"
tests/test_tier_a_orchestration.py::test_frozen_observation_does_not_change_after_hidden_state_changes,tests/test_tier_a_orchestration.py,PASS,2026-08-11 closure continuation,"fresh-this-thread: direct pytest file verification, zero exit"
tests/test_tier_a_orchestration.py::test_rng_snapshot_restore_replays_same_next_draw,tests/test_tier_a_orchestration.py,PASS,2026-08-11 closure continuation,"fresh-this-thread: direct pytest file verification, zero exit"
tests/test_tier_a_orchestration.py::test_generic_time_window_context_and_action_count_triggers_are_data_driven,tests/test_tier_a_orchestration.py,PASS,2026-08-11 closure continuation,"fresh-this-thread: direct pytest file verification, zero exit"
tests/test_tier_a_orchestration.py::test_director_minimum_spacing_keeps_second_event_eligible_until_time_advances,tests/test_tier_a_orchestration.py,PASS,2026-08-11 closure continuation,"fresh-this-thread: direct pytest file verification, zero exit"
tests/test_tier_a_orchestration.py::test_event_machine_snapshot_restore_preserves_state_entry_timer,tests/test_tier_a_orchestration.py,PASS,2026-08-11 closure continuation,"fresh-this-thread: direct pytest file verification, zero exit"
tests/test_tier_a_vertical_slice.py::test_hypovolemia_vertical_slice_trigger_fault_action_resolution_and_disclosure,tests/test_tier_a_vertical_slice.py,PASS,2026-08-11 closure continuation,"fresh-this-thread: direct pytest file verification, zero exit"
tests/test_tubing_geometry.py::test_resistance_scales_linearly_with_length,tests/test_tubing_geometry.py,PASS,2026-08-11 closure continuation,"fresh-this-thread: direct pytest file verification, zero exit"
tests/test_tubing_geometry.py::test_resistance_scales_as_inverse_fourth_power_of_diameter,tests/test_tubing_geometry.py,PASS,2026-08-11 closure continuation,"fresh-this-thread: direct pytest file verification, zero exit"
tests/test_tubing_geometry.py::test_resistance_scales_linearly_with_viscosity,tests/test_tubing_geometry.py,PASS,2026-08-11 closure continuation,"fresh-this-thread: direct pytest file verification, zero exit"
tests/test_tubing_geometry.py::test_narrower_shunt_tubing_has_much_higher_resistance_than_main_tubing,tests/test_tubing_geometry.py,PASS,2026-08-11 closure continuation,"fresh-this-thread: direct pytest file verification, zero exit"
tests/test_tubing_geometry.py::test_reynolds_number_increases_with_flow,tests/test_tubing_geometry.py,PASS,2026-08-11 closure continuation,"fresh-this-thread: direct pytest file verification, zero exit"
tests/test_tubing_geometry.py::test_main_circuit_stays_laminar_across_realistic_neonatal_flows,tests/test_tubing_geometry.py,PASS,2026-08-11 closure continuation,"fresh-this-thread: direct pytest file verification, zero exit"
tests/test_tubing_geometry.py::test_bridge_tubing_stays_laminar_across_realistic_neonatal_flows,tests/test_tubing_geometry.py,PASS,2026-08-11 closure continuation,"fresh-this-thread: direct pytest file verification, zero exit"
tests/test_tubing_geometry.py::test_shunt_tubing_stays_laminar_at_realistic_shunt_flows,tests/test_tubing_geometry.py,PASS,2026-08-11 closure continuation,"fresh-this-thread: direct pytest file verification, zero exit"
tests/test_tubing_geometry.py::test_shunt_tubing_approaches_turbulent_only_at_unrealistically_high_flow,tests/test_tubing_geometry.py,PASS,2026-08-11 closure continuation,"fresh-this-thread: direct pytest file verification, zero exit"
tests/test_tubing_geometry.py::test_resistance_for_segment_matches_direct_calculation,tests/test_tubing_geometry.py,PASS,2026-08-11 closure continuation,"fresh-this-thread: direct pytest file verification, zero exit"
tests/test_tubing_geometry.py::test_all_measured_segments_are_resolvable,tests/test_tubing_geometry.py,PASS,2026-08-11 closure continuation,"fresh-this-thread: direct pytest file verification, zero exit"
tests/test_unified_patient.py::test_baseline_three_systems,tests/test_unified_patient.py,PASS,2026-08-11 closure continuation,"fresh-this-thread: direct pytest file verification, zero exit"
tests/test_unified_patient.py::test_peep_changes_live_patient,tests/test_unified_patient.py,PASS,2026-08-11 closure continuation,"fresh-this-thread: direct pytest file verification, zero exit"
tests/test_unified_patient.py::test_fluid_removal_changes_volume,tests/test_unified_patient.py,PASS,2026-08-11 closure continuation,"fresh-this-thread: direct pytest file verification, zero exit"
tests/test_unified_patient.py::test_equipment_port_contract,tests/test_unified_patient.py,PASS,2026-08-11 closure continuation,"fresh-this-thread: direct pytest file verification, zero exit"
tests/test_ventilator_fixture.py::test_lung_does_not_import_ventilator_fixture,tests/test_ventilator_fixture.py,PASS,2026-08-11 closure continuation,"fresh-this-thread: direct pytest file verification, zero exit"
tests/test_ventilator_fixture.py::test_pressure_control_changes_tidal_volume_with_drive_pressure,tests/test_ventilator_fixture.py,PASS,2026-08-11 closure continuation,"fresh-this-thread: direct pytest file verification, zero exit"
tests/test_ventilator_fixture.py::test_stiff_lung_gets_less_tidal_volume_at_same_ventilator_settings,tests/test_ventilator_fixture.py,PASS,2026-08-11 closure continuation,"fresh-this-thread: direct pytest file verification, zero exit"
tests/test_ventilator_fixture.py::test_high_resistance_reduces_delivered_tidal_volume,tests/test_ventilator_fixture.py,PASS,2026-08-11 closure continuation,"fresh-this-thread: direct pytest file verification, zero exit"
